Date,Device_ID,Location,Operational_Hours,Production_Quantity,Target_Production_Quantity,Downtime,Quality_Issues,Availability,Performance,Quality,OEE,Month,Month_Name
2024-02-23,Device_6,Chennai,21,967,1000,3,11,0.8571428571428571,0.967,0.9886246122026887,81.94,2,February
2024-08-11,Device_5,Delhi,23,824,1000,1,14,0.9565217391304348,0.824,0.9830097087378641,77.48,8,August
2024-10-28,Device_8,Lucknow,22,891,1000,2,15,0.9090909090909091,0.891,0.9831649831649831,79.64,10,October
2024-01-04,Device_8,Chennai,20,970,1000,4,10,0.8,0.97,0.9896907216494846,76.8,1,January
2024-02-13,Device_6,Hyderabad,20,1000,1000,4,18,0.8,1.0,0.982,78.56,2,February
2024-04-24,Device_1,Delhi,21,802,1000,3,3,0.8571428571428571,0.802,0.9962593516209476,68.49,4,April
2024-11-18,Device_8,Pune,21,848,1000,3,20,0.8571428571428571,0.848,0.9764150943396226,70.97,11,November
2024-06-05,Device_7,Jaipur,24,917,1000,0,12,1.0,0.917,0.9869138495092693,90.5,6,June
2024-11-24,Device_8,Bangalore,21,858,1000,3,20,0.8571428571428571,0.858,0.9766899766899767,71.83,11,November
2024-06-04,Device_5,Mumbai,20,984,1000,4,12,0.8,0.984,0.9878048780487805,77.76,6,June
2024-12-09,Device_8,Pune,22,839,1000,2,14,0.9090909090909091,0.839,0.9833134684147795,75.0,12,December
2024-08-10,Device_6,Ahmedabad,20,960,1000,4,6,0.8,0.96,0.99375,76.32,8,August
2024-12-15,Device_9,Chennai,22,808,1000,2,4,0.9090909090909091,0.808,0.995049504950495,73.09,12,December
2024-03-29,Device_3,Mumbai,21,833,1000,3,8,0.8571428571428571,0.833,0.9903961584633854,70.71,3,March
2024-10-18,Device_3,Jaipur,24,977,1000,0,19,1.0,0.977,0.9805527123848515,95.8,10,October
2024-05-01,Device_8,Bangalore,21,956,1000,3,3,0.8571428571428571,0.956,0.9968619246861925,81.69,5,May
2024-02-05,Device_10,Ahmedabad,21,820,1000,3,8,0.8571428571428571,0.82,0.9902439024390244,69.6,2,February
2024-02-16,Device_3,Delhi,22,826,1000,2,3,0.9090909090909091,0.826,0.9963680387409201,74.82,2,February
2024-05-07,Device_1,Lucknow,22,989,1000,2,13,0.9090909090909091,0.989,0.9868554095045501,88.73,5,May
2024-04-11,Device_4,Jaipur,21,995,1000,3,18,0.8571428571428571,0.995,0.9819095477386934,83.74,4,April
2024-11-10,Device_3,Ahmedabad,20,895,1000,4,4,0.8,0.895,0.9955307262569832,71.28,11,November
2024-12-16,Device_5,Chennai,20,931,1000,4,10,0.8,0.931,0.9892588614393125,73.68,12,December
2024-08-06,Device_6,Pune,23,927,1000,1,4,0.9565217391304348,0.927,0.9956850053937433,88.29,8,August
2024-01-12,Device_1,Kolkata,21,982,1000,3,15,0.8571428571428571,0.982,0.984725050916497,82.89,1,January
2024-05-24,Device_5,Kolkata,24,861,1000,0,20,1.0,0.861,0.9767711962833914,84.1,5,May
2024-03-20,Device_4,Bangalore,21,941,1000,3,1,0.8571428571428571,0.941,0.9989373007438895,80.57,3,March
2024-04-06,Device_5,Mumbai,23,858,1000,1,7,0.9565217391304348,0.858,0.9918414918414918,81.4,4,April
2024-12-03,Device_2,Jaipur,23,959,1000,1,3,0.9565217391304348,0.959,0.9968717413972888,91.44,12,December
2024-03-18,Device_10,Lucknow,20,803,1000,4,16,0.8,0.803,0.9800747198007472,62.96,3,March
2024-12-15,Device_1,Ahmedabad,21,920,1000,3,1,0.8571428571428571,0.92,0.9989130434782608,78.77,12,December
2024-07-05,Device_1,Hyderabad,24,823,1000,0,5,1.0,0.823,0.9939246658566221,81.8,7,July
2024-06-03,Device_9,Bangalore,21,951,1000,3,3,0.8571428571428571,0.951,0.9968454258675079,81.26,6,June
2024-10-06,Device_5,Delhi,21,827,1000,3,15,0.8571428571428571,0.827,0.9818621523579202,69.6,10,October
2024-09-11,Device_2,Hyderabad,22,979,1000,2,18,0.9090909090909091,0.979,0.9816138917262512,87.36,9,September
2024-01-21,Device_5,Lucknow,23,850,1000,1,18,0.9565217391304348,0.85,0.9788235294117648,79.58,1,January
2024-09-12,Device_5,Delhi,24,943,1000,0,8,1.0,0.943,0.9915164369034994,93.5,9,September
2024-01-18,Device_8,Lucknow,24,963,1000,0,6,1.0,0.963,0.9937694704049844,95.7,1,January
2024-03-22,Device_8,Mumbai,22,901,1000,2,10,0.9090909090909091,0.901,0.9889012208657048,81.0,3,March
2024-07-10,Device_1,Ahmedabad,20,967,1000,4,13,0.8,0.967,0.9865563598759048,76.32,7,July
2024-03-20,Device_1,Ahmedabad,21,826,1000,3,19,0.8571428571428571,0.826,0.9769975786924939,69.17,3,March
2024-02-01,Device_7,Hyderabad,22,803,1000,2,5,0.9090909090909091,0.803,0.9937733499377335,72.55,2,February
2024-09-17,Device_3,Delhi,24,936,1000,0,13,1.0,0.936,0.9861111111111112,92.3,9,September
2024-11-27,Device_1,Kolkata,21,801,1000,3,14,0.8571428571428571,0.801,0.982521847690387,67.46,11,November
2024-05-17,Device_7,Delhi,21,923,1000,3,1,0.8571428571428571,0.923,0.9989165763813651,79.03,5,May
2024-02-14,Device_1,Kolkata,24,937,1000,0,9,1.0,0.937,0.9903948772678762,92.8,2,February
2024-09-09,Device_9,Kolkata,21,869,1000,3,18,0.8571428571428571,0.869,0.9792865362485615,72.94,9,September
2024-11-20,Device_7,Pune,23,972,1000,1,17,0.9565217391304348,0.972,0.9825102880658436,91.35,11,November
2024-06-23,Device_10,Ahmedabad,22,946,1000,2,1,0.9090909090909091,0.946,0.9989429175475687,85.91,6,June
2024-02-14,Device_5,Ahmedabad,22,905,1000,2,8,0.9090909090909091,0.905,0.9911602209944751,81.55,2,February
2024-03-04,Device_5,Lucknow,24,935,1000,0,9,1.0,0.935,0.9903743315508021,92.6,3,March
2024-09-11,Device_6,Hyderabad,24,821,1000,0,13,1.0,0.821,0.9841656516443362,80.8,9,September
2024-05-11,Device_9,Jaipur,24,870,1000,0,8,1.0,0.87,0.9908045977011494,86.2,5,May
2024-05-11,Device_9,Lucknow,21,915,1000,3,2,0.8571428571428571,0.915,0.9978142076502732,78.26,5,May
2024-02-18,Device_1,Lucknow,20,805,1000,4,0,0.8,0.805,1.0,64.4,2,February
2024-08-20,Device_8,Mumbai,20,868,1000,4,10,0.8,0.868,0.988479262672811,68.64,8,August
2024-09-07,Device_3,Chennai,24,948,1000,0,18,1.0,0.948,0.9810126582278481,93.0,9,September
2024-06-27,Device_6,Mumbai,20,899,1000,4,17,0.8,0.899,0.9810901001112347,70.56,6,June
2024-02-23,Device_2,Delhi,21,974,1000,3,0,0.8571428571428571,0.974,1.0,83.49,2,February
2024-06-16,Device_10,Hyderabad,22,995,1000,2,12,0.9090909090909091,0.995,0.9879396984924623,89.36,6,June
2024-12-22,Device_8,Jaipur,24,940,1000,0,17,1.0,0.94,0.9819148936170212,92.3,12,December
2024-11-26,Device_10,Chennai,22,847,1000,2,11,0.9090909090909091,0.847,0.987012987012987,76.0,11,November
2024-01-12,Device_5,Mumbai,24,832,1000,0,2,1.0,0.832,0.9975961538461539,83.0,1,January
2024-08-31,Device_6,Pune,23,828,1000,1,16,0.9565217391304348,0.828,0.9806763285024155,77.67,8,August
2024-07-18,Device_4,Jaipur,20,994,1000,4,8,0.8,0.994,0.9919517102615694,78.88,7,July
2024-08-06,Device_6,Jaipur,20,809,1000,4,17,0.8,0.809,0.9789864029666254,63.36,8,August
2024-07-19,Device_1,Chennai,21,810,1000,3,2,0.8571428571428571,0.81,0.9975308641975309,69.26,7,July
2024-09-26,Device_3,Ahmedabad,22,999,1000,2,19,0.9090909090909091,0.999,0.980980980980981,89.09,9,September
2024-09-01,Device_7,Ahmedabad,20,836,1000,4,15,0.8,0.836,0.9820574162679426,65.68,9,September
2024-05-28,Device_3,Hyderabad,23,948,1000,1,5,0.9565217391304348,0.948,0.9947257383966245,90.2,5,May
2024-04-04,Device_10,Kolkata,22,909,1000,2,8,0.9090909090909091,0.909,0.9911991199119912,81.91,4,April
2024-02-13,Device_2,Jaipur,21,843,1000,3,2,0.8571428571428571,0.843,0.9976275207591934,72.09,2,February
2024-07-09,Device_6,Jaipur,21,834,1000,3,0,0.8571428571428571,0.834,1.0,71.49,7,July
2024-10-07,Device_9,Mumbai,21,864,1000,3,3,0.8571428571428571,0.864,0.9965277777777778,73.8,10,October
2024-12-06,Device_7,Hyderabad,21,838,1000,3,10,0.8571428571428571,0.838,0.9880668257756563,70.97,12,December
2024-04-08,Device_4,Chennai,21,896,1000,3,9,0.8571428571428571,0.896,0.9899553571428571,76.03,4,April
2024-02-20,Device_3,Chennai,22,828,1000,2,4,0.9090909090909091,0.828,0.9951690821256038,74.91,2,February
2024-10-05,Device_4,Delhi,24,890,1000,0,1,1.0,0.89,0.998876404494382,88.9,10,October
2024-02-15,Device_9,Mumbai,20,854,1000,4,3,0.8,0.854,0.9964871194379391,68.08,2,February
2024-10-29,Device_10,Lucknow,23,925,1000,1,9,0.9565217391304348,0.925,0.9902702702702703,87.62,10,October
2024-07-11,Device_6,Jaipur,23,853,1000,1,12,0.9565217391304348,0.853,0.9859320046893317,80.44,7,July
2024-10-01,Device_6,Delhi,23,996,1000,1,0,0.9565217391304348,0.996,1.0,95.27,10,October
2024-03-10,Device_5,Mumbai,24,998,1000,0,13,1.0,0.998,0.9869739478957916,98.5,3,March
2024-11-14,Device_4,Kolkata,23,848,1000,1,15,0.9565217391304348,0.848,0.9823113207547169,79.68,11,November
2024-04-09,Device_1,Kolkata,23,945,1000,1,17,0.9565217391304348,0.945,0.982010582010582,88.77,4,April
2024-12-03,Device_8,Lucknow,23,980,1000,1,18,0.9565217391304348,0.98,0.9816326530612245,92.02,12,December
2024-10-01,Device_4,Lucknow,24,848,1000,0,11,1.0,0.848,0.9870283018867925,83.7,10,October
2024-12-08,Device_1,Kolkata,23,830,1000,1,10,0.9565217391304348,0.83,0.9879518072289156,78.43,12,December
2024-09-04,Device_6,Pune,23,952,1000,1,11,0.9565217391304348,0.952,0.9884453781512605,90.01,9,September
2024-08-01,Device_4,Hyderabad,20,917,1000,4,1,0.8,0.917,0.9989094874591058,73.28,8,August
2024-05-15,Device_3,Chennai,20,959,1000,4,18,0.8,0.959,0.9812304483837331,75.28,5,May
2024-12-08,Device_3,Ahmedabad,24,805,1000,0,11,1.0,0.805,0.986335403726708,79.4,12,December
2024-07-29,Device_7,Bangalore,24,851,1000,0,14,1.0,0.851,0.9835487661574618,83.7,7,July
2024-09-21,Device_3,Mumbai,22,965,1000,2,20,0.9090909090909091,0.965,0.9792746113989638,85.91,9,September
2024-08-08,Device_4,Mumbai,20,835,1000,4,15,0.8,0.835,0.9820359281437125,65.6,8,August
2024-11-05,Device_2,Mumbai,20,900,1000,4,14,0.8,0.9,0.9844444444444445,70.88,11,November
2024-01-24,Device_5,Bangalore,23,937,1000,1,16,0.9565217391304348,0.937,0.9829242262540021,88.1,1,January
2024-07-03,Device_8,Chennai,23,922,1000,1,7,0.9565217391304348,0.922,0.9924078091106291,87.52,7,July
2024-04-21,Device_3,Hyderabad,24,881,1000,0,18,1.0,0.881,0.9795686719636776,86.3,4,April
2024-07-26,Device_6,Ahmedabad,24,966,1000,0,9,1.0,0.966,0.9906832298136646,95.7,7,July
2024-11-08,Device_5,Bangalore,22,812,1000,2,0,0.9090909090909091,0.812,1.0,73.82,11,November
2024-10-31,Device_3,Pune,23,915,1000,1,6,0.9565217391304348,0.915,0.9934426229508196,86.95,10,October
2024-12-03,Device_3,Jaipur,23,897,1000,1,11,0.9565217391304348,0.897,0.987736900780379,84.75,12,December
2024-03-05,Device_5,Bangalore,24,894,1000,0,12,1.0,0.894,0.9865771812080537,88.2,3,March
2024-03-17,Device_8,Pune,20,885,1000,4,14,0.8,0.885,0.984180790960452,69.68,3,March
2024-12-24,Device_1,Mumbai,24,971,1000,0,8,1.0,0.971,0.9917610710607621,96.3,12,December
2024-05-24,Device_4,Mumbai,23,919,1000,1,3,0.9565217391304348,0.919,0.9967355821545157,87.62,5,May
2024-11-10,Device_10,Hyderabad,21,805,1000,3,18,0.8571428571428571,0.805,0.977639751552795,67.46,11,November
2024-07-07,Device_8,Bangalore,24,966,1000,0,2,1.0,0.966,0.9979296066252588,96.4,7,July
2024-02-08,Device_3,Delhi,24,991,1000,0,17,1.0,0.991,0.9828456104944501,97.4,2,February
2024-04-23,Device_4,Hyderabad,24,809,1000,0,11,1.0,0.809,0.9864029666254636,79.8,4,April
2024-04-07,Device_3,Chennai,22,810,1000,2,11,0.9090909090909091,0.81,0.9864197530864197,72.64,4,April
2024-05-09,Device_9,Delhi,20,849,1000,4,2,0.8,0.849,0.9976442873969376,67.76,5,May
2024-09-13,Device_3,Hyderabad,24,807,1000,0,8,1.0,0.807,0.990086741016109,79.9,9,September
2024-06-01,Device_7,Hyderabad,20,868,1000,4,10,0.8,0.868,0.988479262672811,68.64,6,June
2024-02-18,Device_3,Chennai,22,994,1000,2,13,0.9090909090909091,0.994,0.9869215291750503,89.18,2,February
2024-09-10,Device_1,Ahmedabad,20,803,1000,4,12,0.8,0.803,0.9850560398505604,63.28,9,September
2024-10-08,Device_7,Bangalore,22,830,1000,2,8,0.9090909090909091,0.83,0.9903614457831326,74.73,10,October
2024-09-25,Device_7,Kolkata,22,999,1000,2,17,0.9090909090909091,0.999,0.982982982982983,89.27,9,September
2024-12-16,Device_9,Jaipur,20,937,1000,4,20,0.8,0.937,0.9786552828175027,73.36,12,December
2024-09-19,Device_3,Delhi,21,880,1000,3,1,0.8571428571428571,0.88,0.9988636363636364,75.34,9,September
2024-12-18,Device_2,Hyderabad,22,940,1000,2,17,0.9090909090909091,0.94,0.9819148936170212,83.91,12,December
2024-06-25,Device_6,Chennai,23,898,1000,1,14,0.9565217391304348,0.898,0.9844097995545658,84.56,6,June
2024-10-19,Device_3,Jaipur,23,935,1000,1,13,0.9565217391304348,0.935,0.986096256684492,88.19,10,October
2024-04-07,Device_10,Delhi,24,936,1000,0,15,1.0,0.936,0.9839743589743589,92.1,4,April
2024-01-07,Device_7,Kolkata,20,973,1000,4,19,0.8,0.973,0.9804727646454265,76.32,1,January
2024-05-16,Device_4,Delhi,23,938,1000,1,9,0.9565217391304348,0.938,0.990405117270789,88.86,5,May
2024-05-14,Device_10,Chennai,20,925,1000,4,9,0.8,0.925,0.9902702702702703,73.28,5,May
2024-09-19,Device_10,Ahmedabad,23,963,1000,1,1,0.9565217391304348,0.963,0.9989615784008308,92.02,9,September
2024-05-28,Device_1,Pune,23,940,1000,1,6,0.9565217391304348,0.94,0.9936170212765958,89.34,5,May
2024-04-21,Device_3,Bangalore,23,813,1000,1,8,0.9565217391304348,0.813,0.990159901599016,77.0,4,April
2024-04-11,Device_8,Kolkata,22,848,1000,2,20,0.9090909090909091,0.848,0.9764150943396226,75.27,4,April
2024-11-24,Device_5,Hyderabad,23,877,1000,1,17,0.9565217391304348,0.877,0.9806157354618016,82.26,11,November
2024-03-17,Device_3,Pune,22,818,1000,2,16,0.9090909090909091,0.818,0.980440097799511,72.91,3,March
2024-03-31,Device_7,Mumbai,21,834,1000,3,7,0.8571428571428571,0.834,0.9916067146282974,70.89,3,March
2024-01-11,Device_2,Bangalore,21,833,1000,3,5,0.8571428571428571,0.833,0.9939975990396158,70.97,1,January
2024-06-28,Device_1,Chennai,22,892,1000,2,12,0.9090909090909091,0.892,0.9865470852017937,80.0,6,June
2024-12-30,Device_5,Ahmedabad,23,908,1000,1,10,0.9565217391304348,0.908,0.9889867841409692,85.9,12,December
2024-04-11,Device_10,Delhi,20,868,1000,4,16,0.8,0.868,0.9815668202764977,68.16,4,April
2024-10-18,Device_3,Mumbai,21,855,1000,3,13,0.8571428571428571,0.855,0.9847953216374269,72.17,10,October
2024-02-05,Device_9,Kolkata,22,802,1000,2,19,0.9090909090909091,0.802,0.9763092269326683,71.18,2,February
2024-11-11,Device_9,Delhi,20,998,1000,4,20,0.8,0.998,0.9799599198396793,78.24,11,November
2024-07-22,Device_9,Mumbai,21,938,1000,3,16,0.8571428571428571,0.938,0.9829424307036247,79.03,7,July
2024-05-11,Device_6,Jaipur,21,878,1000,3,13,0.8571428571428571,0.878,0.9851936218678815,74.14,5,May
2024-11-27,Device_7,Lucknow,23,978,1000,1,18,0.9565217391304348,0.978,0.9815950920245399,91.83,11,November
2024-03-06,Device_7,Mumbai,22,804,1000,2,17,0.9090909090909091,0.804,0.9788557213930348,71.55,3,March
2024-08-14,Device_7,Chennai,24,836,1000,0,16,1.0,0.836,0.9808612440191388,82.0,8,August
2024-04-07,Device_2,Hyderabad,24,971,1000,0,5,1.0,0.971,0.9948506694129763,96.6,4,April
2024-11-21,Device_7,Ahmedabad,22,871,1000,2,18,0.9090909090909091,0.871,0.9793340987370838,77.55,11,November
2024-11-11,Device_10,Delhi,23,935,1000,1,4,0.9565217391304348,0.935,0.9957219251336898,89.05,11,November
2024-04-25,Device_6,Lucknow,23,978,1000,1,0,0.9565217391304348,0.978,1.0,93.55,4,April
2024-06-06,Device_2,Chennai,20,834,1000,4,2,0.8,0.834,0.9976019184652278,66.56,6,June
2024-04-13,Device_9,Lucknow,20,870,1000,4,1,0.8,0.87,0.9988505747126437,69.52,4,April
2024-12-04,Device_10,Bangalore,22,911,1000,2,16,0.9090909090909091,0.911,0.9824368825466521,81.36,12,December
2024-03-03,Device_10,Jaipur,24,992,1000,0,19,1.0,0.992,0.9808467741935484,97.3,3,March
2024-08-04,Device_6,Lucknow,23,975,1000,1,18,0.9565217391304348,0.975,0.9815384615384616,91.54,8,August
2024-04-10,Device_5,Mumbai,22,976,1000,2,0,0.9090909090909091,0.976,1.0,88.73,4,April
2024-03-10,Device_2,Pune,20,855,1000,4,20,0.8,0.855,0.9766081871345029,66.8,3,March
2024-12-25,Device_4,Delhi,20,883,1000,4,14,0.8,0.883,0.984144960362401,69.52,12,December
2024-02-17,Device_1,Chennai,20,824,1000,4,16,0.8,0.824,0.9805825242718447,64.64,2,February
2024-11-14,Device_9,Delhi,21,902,1000,3,7,0.8571428571428571,0.902,0.9922394678492239,76.71,11,November
2024-05-23,Device_1,Ahmedabad,23,840,1000,1,1,0.9565217391304348,0.84,0.9988095238095238,80.25,5,May
2024-05-20,Device_9,Jaipur,22,993,1000,2,16,0.9090909090909091,0.993,0.9838872104733132,88.82,5,May
2024-07-10,Device_10,Pune,23,855,1000,1,12,0.9565217391304348,0.855,0.9859649122807017,80.63,7,July
2024-05-17,Device_4,Jaipur,24,850,1000,0,20,1.0,0.85,0.9764705882352941,83.0,5,May
2024-08-18,Device_6,Delhi,20,918,1000,4,5,0.8,0.918,0.9945533769063181,73.04,8,August
2024-11-10,Device_4,Pune,23,944,1000,1,3,0.9565217391304348,0.944,0.996822033898305,90.01,11,November
2024-11-14,Device_6,Jaipur,21,938,1000,3,19,0.8571428571428571,0.938,0.9797441364605544,78.77,11,November
2024-05-13,Device_1,Ahmedabad,23,945,1000,1,12,0.9565217391304348,0.945,0.9873015873015873,89.24,5,May
2024-08-26,Device_9,Lucknow,23,850,1000,1,15,0.9565217391304348,0.85,0.9823529411764705,79.87,8,August
2024-08-23,Device_4,Lucknow,22,868,1000,2,17,0.9090909090909091,0.868,0.9804147465437788,77.36,8,August
2025-01-01,Device_7,Kolkata,23,828,1000,1,17,0.9565217391304348,0.828,0.9794685990338164,77.57,1,January
2024-05-21,Device_1,Delhi,23,977,1000,1,4,0.9565217391304348,0.977,0.9959058341862845,93.07,5,May
2024-05-19,Device_7,Lucknow,20,988,1000,4,15,0.8,0.988,0.9848178137651822,77.84,5,May
2024-11-13,Device_10,Chennai,23,931,1000,1,5,0.9565217391304348,0.931,0.9946294307196563,88.57,11,November
2024-07-17,Device_1,Chennai,24,989,1000,0,10,1.0,0.989,0.9898887765419616,97.9,7,July
2024-04-30,Device_7,Ahmedabad,23,986,1000,1,9,0.9565217391304348,0.986,0.9908722109533469,93.45,4,April
2024-03-22,Device_5,Jaipur,23,967,1000,1,5,0.9565217391304348,0.967,0.9948293691830403,92.02,3,March
2024-05-16,Device_3,Pune,20,960,1000,4,20,0.8,0.96,0.9791666666666666,75.2,5,May
2024-11-01,Device_5,Hyderabad,22,978,1000,2,19,0.9090909090909091,0.978,0.9805725971370143,87.18,11,November
2024-01-30,Device_8,Mumbai,22,850,1000,2,4,0.9090909090909091,0.85,0.9952941176470588,76.91,1,January
2024-09-24,Device_2,Ahmedabad,23,884,1000,1,8,0.9565217391304348,0.884,0.9909502262443439,83.79,9,September
2024-05-11,Device_1,Bangalore,20,948,1000,4,0,0.8,0.948,1.0,75.84,5,May
2024-04-24,Device_10,Jaipur,22,895,1000,2,20,0.9090909090909091,0.895,0.9776536312849162,79.55,4,April
2024-07-10,Device_10,Bangalore,20,822,1000,4,7,0.8,0.822,0.9914841849148418,65.2,7,July
2024-10-09,Device_5,Bangalore,22,968,1000,2,6,0.9090909090909091,0.968,0.993801652892562,87.45,10,October
2024-10-16,Device_2,Ahmedabad,23,844,1000,1,3,0.9565217391304348,0.844,0.9964454976303317,80.44,10,October
2024-03-19,Device_3,Hyderabad,20,858,1000,4,19,0.8,0.858,0.9778554778554779,67.12,3,March
2024-05-12,Device_9,Delhi,21,960,1000,3,13,0.8571428571428571,0.96,0.9864583333333333,81.17,5,May
2024-04-21,Device_4,Hyderabad,24,880,1000,0,2,1.0,0.88,0.9977272727272727,87.8,4,April
2024-04-08,Device_10,Bangalore,22,862,1000,2,1,0.9090909090909091,0.862,0.9988399071925754,78.27,4,April
2024-08-16,Device_7,Jaipur,21,816,1000,3,20,0.8571428571428571,0.816,0.9754901960784313,68.23,8,August
2024-03-14,Device_1,Ahmedabad,21,913,1000,3,0,0.8571428571428571,0.913,1.0,78.26,3,March
2024-11-18,Device_4,Pune,20,983,1000,4,16,0.8,0.983,0.9837232960325534,77.36,11,November
2024-09-28,Device_3,Mumbai,20,994,1000,4,15,0.8,0.994,0.9849094567404426,78.32,9,September
2024-12-17,Device_10,Kolkata,20,857,1000,4,6,0.8,0.857,0.9929988331388565,68.08,12,December
2024-04-11,Device_7,Bangalore,24,816,1000,0,9,1.0,0.816,0.9889705882352942,80.7,4,April
2024-09-15,Device_6,Chennai,23,858,1000,1,9,0.9565217391304348,0.858,0.9895104895104895,81.21,9,September
2024-12-24,Device_2,Delhi,22,984,1000,2,5,0.9090909090909091,0.984,0.9949186991869918,89.0,12,December
2024-02-14,Device_2,Bangalore,21,953,1000,3,18,0.8571428571428571,0.953,0.9811122770199371,80.14,2,February
2024-10-04,Device_8,Jaipur,20,994,1000,4,18,0.8,0.994,0.9818913480885312,78.08,10,October
2024-10-08,Device_5,Delhi,22,966,1000,2,20,0.9090909090909091,0.966,0.979296066252588,86.0,10,October
2024-04-09,Device_9,Kolkata,20,974,1000,4,0,0.8,0.974,1.0,77.92,4,April
2024-10-20,Device_7,Hyderabad,22,832,1000,2,13,0.9090909090909091,0.832,0.984375,74.45,10,October
2024-10-28,Device_6,Jaipur,23,830,1000,1,3,0.9565217391304348,0.83,0.9963855421686747,79.1,10,October
2024-01-07,Device_9,Chennai,21,937,1000,3,15,0.8571428571428571,0.937,0.983991462113127,79.03,1,January
2024-12-10,Device_6,Delhi,22,801,1000,2,4,0.9090909090909091,0.801,0.9950062421972534,72.45,12,December
2024-08-28,Device_6,Kolkata,20,883,1000,4,15,0.8,0.883,0.9830124575311439,69.44,8,August
2024-07-03,Device_1,Delhi,22,970,1000,2,7,0.9090909090909091,0.97,0.9927835051546392,87.55,7,July
2024-05-05,Device_5,Pune,24,990,1000,0,15,1.0,0.99,0.9848484848484849,97.5,5,May
2024-12-11,Device_4,Hyderabad,24,962,1000,0,16,1.0,0.962,0.9833679833679834,94.6,12,December
2024-09-28,Device_10,Jaipur,21,810,1000,3,19,0.8571428571428571,0.81,0.9765432098765432,67.8,9,September
2024-05-12,Device_1,Lucknow,24,918,1000,0,13,1.0,0.918,0.985838779956427,90.5,5,May
2024-01-12,Device_6,Bangalore,23,956,1000,1,11,0.9565217391304348,0.956,0.9884937238493724,90.39,1,January
2024-09-03,Device_2,Kolkata,23,992,1000,1,20,0.9565217391304348,0.992,0.9798387096774194,92.97,9,September
2025-01-01,Device_1,Bangalore,22,821,1000,2,17,0.9090909090909091,0.821,0.9792935444579781,73.09,1,January
2024-03-07,Device_9,Hyderabad,24,804,1000,0,1,1.0,0.804,0.9987562189054726,80.3,3,March
2024-05-27,Device_8,Bangalore,23,852,1000,1,3,0.9565217391304348,0.852,0.9964788732394366,81.21,5,May
2024-04-16,Device_3,Hyderabad,23,940,1000,1,5,0.9565217391304348,0.94,0.9946808510638298,89.43,4,April
2024-08-30,Device_8,Bangalore,23,811,1000,1,15,0.9565217391304348,0.811,0.9815043156596794,76.14,8,August
2024-03-21,Device_5,Ahmedabad,23,910,1000,1,1,0.9565217391304348,0.91,0.9989010989010989,86.95,3,March
2024-01-04,Device_2,Lucknow,20,956,1000,4,18,0.8,0.956,0.9811715481171548,75.04,1,January
2024-05-13,Device_9,Delhi,21,879,1000,3,16,0.8571428571428571,0.879,0.981797497155859,73.97,5,May
2024-10-10,Device_5,Bangalore,24,903,1000,0,13,1.0,0.903,0.9856035437430787,89.0,10,October
2024-05-30,Device_4,Hyderabad,21,911,1000,3,20,0.8571428571428571,0.911,0.9780461031833151,76.37,5,May
2024-09-17,Device_5,Jaipur,22,943,1000,2,8,0.9090909090909091,0.943,0.9915164369034994,85.0,9,September
2024-02-25,Device_10,Bangalore,21,982,1000,3,17,0.8571428571428571,0.982,0.9826883910386965,82.71,2,February
2024-03-10,Device_2,Bangalore,23,820,1000,1,7,0.9565217391304348,0.82,0.9914634146341463,77.77,3,March
2024-03-15,Device_9,Hyderabad,22,957,1000,2,11,0.9090909090909091,0.957,0.9885057471264368,86.0,3,March
2024-07-31,Device_8,Lucknow,21,910,1000,3,12,0.8571428571428571,0.91,0.9868131868131869,76.97,7,July
2024-02-17,Device_2,Chennai,20,808,1000,4,1,0.8,0.808,0.9987623762376238,64.56,2,February
2024-11-29,Device_10,Mumbai,22,887,1000,2,12,0.9090909090909091,0.887,0.9864712514092446,79.55,11,November
2024-10-05,Device_3,Chennai,24,926,1000,0,0,1.0,0.926,1.0,92.6,10,October
2024-04-16,Device_9,Kolkata,21,843,1000,3,15,0.8571428571428571,0.843,0.9822064056939501,70.97,4,April
2024-02-02,Device_2,Mumbai,23,833,1000,1,12,0.9565217391304348,0.833,0.985594237695078,78.53,2,February
2024-02-28,Device_7,Pune,21,910,1000,3,13,0.8571428571428571,0.91,0.9857142857142858,76.89,2,February
2024-09-14,Device_6,Chennai,24,917,1000,0,10,1.0,0.917,0.9890948745910578,90.7,9,September
2024-05-10,Device_5,Ahmedabad,20,933,1000,4,7,0.8,0.933,0.992497320471597,74.08,5,May
2024-11-29,Device_2,Kolkata,24,917,1000,0,20,1.0,0.917,0.9781897491821155,89.7,11,November
2024-05-11,Device_1,Chennai,20,850,1000,4,13,0.8,0.85,0.9847058823529412,66.96,5,May
2024-01-06,Device_4,Bangalore,20,932,1000,4,13,0.8,0.932,0.9860515021459227,73.52,1,January
2024-04-14,Device_2,Pune,20,810,1000,4,12,0.8,0.81,0.9851851851851852,63.84,4,April
2024-08-29,Device_3,Kolkata,21,819,1000,3,19,0.8571428571428571,0.819,0.9768009768009768,68.57,8,August
2024-01-31,Device_8,Bangalore,22,855,1000,2,17,0.9090909090909091,0.855,0.9801169590643275,76.18,1,January
2024-09-07,Device_3,Chennai,24,911,1000,0,19,1.0,0.911,0.9791437980241493,89.2,9,September
2024-02-24,Device_9,Pune,22,813,1000,2,13,0.9090909090909091,0.813,0.984009840098401,72.73,2,February
2024-08-12,Device_3,Mumbai,21,996,1000,3,12,0.8571428571428571,0.996,0.9879518072289156,84.34,8,August
2024-06-19,Device_8,Mumbai,21,835,1000,3,8,0.8571428571428571,0.835,0.9904191616766467,70.89,6,June
2024-11-10,Device_1,Jaipur,21,914,1000,3,8,0.8571428571428571,0.914,0.9912472647702407,77.66,11,November
2024-06-21,Device_1,Kolkata,22,823,1000,2,0,0.9090909090909091,0.823,1.0,74.82,6,June
2024-05-10,Device_3,Kolkata,23,876,1000,1,8,0.9565217391304348,0.876,0.9908675799086758,83.03,5,May
2024-05-29,Device_10,Jaipur,20,949,1000,4,2,0.8,0.949,0.9978925184404637,75.76,5,May
2024-04-24,Device_2,Ahmedabad,21,902,1000,3,2,0.8571428571428571,0.902,0.9977827050997783,77.14,4,April
2024-06-29,Device_4,Hyderabad,21,930,1000,3,13,0.8571428571428571,0.93,0.986021505376344,78.6,6,June
2024-11-08,Device_10,Hyderabad,24,876,1000,0,6,1.0,0.876,0.9931506849315068,87.0,11,November
2024-10-12,Device_4,Hyderabad,22,856,1000,2,8,0.9090909090909091,0.856,0.9906542056074766,77.09,10,October
2024-12-03,Device_1,Kolkata,21,958,1000,3,13,0.8571428571428571,0.958,0.9864300626304802,81.0,12,December
2024-07-31,Device_5,Chennai,23,883,1000,1,6,0.9565217391304348,0.883,0.9932049830124575,83.89,7,July
2024-02-28,Device_6,Jaipur,23,913,1000,1,18,0.9565217391304348,0.913,0.9802847754654983,85.61,2,February
2024-01-20,Device_4,Bangalore,20,900,1000,4,6,0.8,0.9,0.9933333333333333,71.52,1,January
2024-03-19,Device_3,Delhi,22,966,1000,2,4,0.9090909090909091,0.966,0.9958592132505176,87.45,3,March
2024-12-12,Device_7,Jaipur,22,834,1000,2,12,0.9090909090909091,0.834,0.9856115107913669,74.73,12,December
2024-12-26,Device_2,Mumbai,20,815,1000,4,16,0.8,0.815,0.9803680981595092,63.92,12,December
2024-04-27,Device_5,Bangalore,20,882,1000,4,19,0.8,0.882,0.9784580498866213,69.04,4,April
2024-04-13,Device_4,Kolkata,20,934,1000,4,7,0.8,0.934,0.9925053533190579,74.16,4,April
2024-12-23,Device_3,Chennai,22,967,1000,2,5,0.9090909090909091,0.967,0.9948293691830403,87.45,12,December
2024-03-17,Device_9,Lucknow,21,835,1000,3,13,0.8571428571428571,0.835,0.9844311377245509,70.46,3,March
2024-06-26,Device_2,Ahmedabad,23,895,1000,1,4,0.9565217391304348,0.895,0.9955307262569832,85.23,6,June
2024-04-27,Device_6,Ahmedabad,23,900,1000,1,13,0.9565217391304348,0.9,0.9855555555555555,84.84,4,April
2024-02-05,Device_9,Bangalore,24,845,1000,0,16,1.0,0.845,0.9810650887573964,82.9,2,February
2024-06-11,Device_1,Jaipur,22,899,1000,2,20,0.9090909090909091,0.899,0.9777530589543938,79.91,6,June
2024-09-20,Device_8,Delhi,23,938,1000,1,20,0.9565217391304348,0.938,0.9786780383795309,87.81,9,September
2024-01-31,Device_3,Jaipur,20,808,1000,4,13,0.8,0.808,0.9839108910891089,63.6,1,January
2024-08-15,Device_10,Mumbai,23,804,1000,1,19,0.9565217391304348,0.804,0.9763681592039801,75.09,8,August
2024-11-06,Device_4,Lucknow,21,898,1000,3,8,0.8571428571428571,0.898,0.9910913140311804,76.29,11,November
2024-08-03,Device_6,Chennai,20,985,1000,4,16,0.8,0.985,0.983756345177665,77.52,8,August
2024-10-27,Device_8,Delhi,22,842,1000,2,5,0.9090909090909091,0.842,0.994061757719715,76.09,10,October
2024-09-01,Device_3,Bangalore,23,919,1000,1,2,0.9565217391304348,0.919,0.9978237214363439,87.71,9,September
2024-02-20,Device_4,Mumbai,21,994,1000,3,17,0.8571428571428571,0.994,0.9828973843058351,83.74,2,February
2024-03-20,Device_3,Jaipur,23,817,1000,1,5,0.9565217391304348,0.817,0.9938800489596084,77.67,3,March
2024-07-11,Device_9,Hyderabad,23,961,1000,1,14,0.9565217391304348,0.961,0.9854318418314256,90.58,7,July
2024-07-11,Device_9,Kolkata,24,914,1000,0,4,1.0,0.914,0.9956236323851203,91.0,7,July
2024-06-01,Device_8,Bangalore,24,934,1000,0,11,1.0,0.934,0.9882226980728052,92.3,6,June
2024-03-25,Device_7,Mumbai,21,935,1000,3,8,0.8571428571428571,0.935,0.9914438502673797,79.46,3,March
2024-10-14,Device_4,Mumbai,24,853,1000,0,9,1.0,0.853,0.9894490035169988,84.4,10,October
2024-10-05,Device_10,Ahmedabad,21,983,1000,3,10,0.8571428571428571,0.983,0.9898270600203459,83.4,10,October
2024-04-16,Device_6,Bangalore,22,849,1000,2,5,0.9090909090909091,0.849,0.9941107184923439,76.73,4,April
2024-05-30,Device_7,Ahmedabad,21,932,1000,3,10,0.8571428571428571,0.932,0.9892703862660944,79.03,5,May
2024-09-10,Device_2,Pune,22,984,1000,2,3,0.9090909090909091,0.984,0.9969512195121951,89.18,9,September
2024-11-14,Device_10,Delhi,24,866,1000,0,14,1.0,0.866,0.9838337182448037,85.2,11,November
2024-09-13,Device_9,Hyderabad,23,923,1000,1,1,0.9565217391304348,0.923,0.9989165763813651,88.19,9,September
2024-09-19,Device_9,Chennai,20,981,1000,4,4,0.8,0.981,0.9959225280326198,78.16,9,September
2024-11-09,Device_3,Mumbai,22,959,1000,2,15,0.9090909090909091,0.959,0.9843587069864442,85.82,11,November
2024-06-19,Device_10,Bangalore,24,873,1000,0,18,1.0,0.873,0.979381443298969,85.5,6,June
2024-06-13,Device_5,Bangalore,24,837,1000,0,6,1.0,0.837,0.992831541218638,83.1,6,June
2024-10-07,Device_6,Kolkata,24,862,1000,0,13,1.0,0.862,0.9849187935034803,84.9,10,October
2024-04-27,Device_4,Pune,23,997,1000,1,5,0.9565217391304348,0.997,0.9949849548645938,94.89,4,April
2024-04-01,Device_9,Lucknow,20,808,1000,4,3,0.8,0.808,0.9962871287128713,64.4,4,April
2024-09-22,Device_4,Hyderabad,23,850,1000,1,13,0.9565217391304348,0.85,0.9847058823529412,80.06,9,September
2024-02-29,Device_10,Mumbai,20,843,1000,4,2,0.8,0.843,0.9976275207591934,67.28,2,February
2024-03-18,Device_1,Kolkata,22,966,1000,2,12,0.9090909090909091,0.966,0.9875776397515528,86.73,3,March
2024-08-26,Device_3,Jaipur,21,885,1000,3,16,0.8571428571428571,0.885,0.9819209039548022,74.49,8,August
2024-01-17,Device_4,Bangalore,22,981,1000,2,7,0.9090909090909091,0.981,0.9928644240570846,88.55,1,January
2024-11-24,Device_3,Delhi,21,934,1000,3,6,0.8571428571428571,0.934,0.9935760171306209,79.54,11,November
2024-12-29,Device_2,Chennai,22,954,1000,2,20,0.9090909090909091,0.954,0.9790356394129979,84.91,12,December
2024-10-15,Device_1,Lucknow,23,842,1000,1,10,0.9565217391304348,0.842,0.9881235154394299,79.58,10,October
2024-03-10,Device_4,Chennai,20,802,1000,4,19,0.8,0.802,0.9763092269326683,62.64,3,March
2024-10-30,Device_5,Bangalore,22,839,1000,2,15,0.9090909090909091,0.839,0.9821215733015495,74.91,10,October
2024-01-04,Device_8,Lucknow,20,992,1000,4,1,0.8,0.992,0.998991935483871,79.28,1,January
2024-08-09,Device_1,Pune,22,916,1000,2,17,0.9090909090909091,0.916,0.9814410480349345,81.73,8,August
2024-12-16,Device_1,Delhi,24,971,1000,0,15,1.0,0.971,0.984552008238929,95.6,12,December
2024-01-20,Device_9,Delhi,23,831,1000,1,5,0.9565217391304348,0.831,0.9939831528279182,79.01,1,January
2024-08-16,Device_3,Bangalore,21,877,1000,3,13,0.8571428571428571,0.877,0.9851767388825542,74.06,8,August
2024-09-03,Device_9,Chennai,22,942,1000,2,13,0.9090909090909091,0.942,0.9861995753715499,84.45,9,September
2024-11-17,Device_10,Hyderabad,24,988,1000,0,4,1.0,0.988,0.9959514170040485,98.4,11,November
2024-07-16,Device_6,Delhi,24,888,1000,0,13,1.0,0.888,0.9853603603603603,87.5,7,July
2024-03-30,Device_4,Kolkata,24,907,1000,0,13,1.0,0.907,0.9856670341786108,89.4,3,March
2024-09-21,Device_6,Hyderabad,24,953,1000,0,13,1.0,0.953,0.9863588667366212,94.0,9,September
2024-10-17,Device_4,Ahmedabad,24,975,1000,0,8,1.0,0.975,0.9917948717948718,96.7,10,October
2024-07-26,Device_6,Bangalore,24,958,1000,0,11,1.0,0.958,0.988517745302714,94.7,7,July
2024-11-21,Device_9,Kolkata,21,939,1000,3,3,0.8571428571428571,0.939,0.9968051118210862,80.23,11,November
2024-09-26,Device_9,Ahmedabad,21,934,1000,3,7,0.8571428571428571,0.934,0.9925053533190579,79.46,9,September
2024-11-07,Device_4,Chennai,20,831,1000,4,9,0.8,0.831,0.9891696750902527,65.76,11,November
2024-05-09,Device_1,Jaipur,21,922,1000,3,12,0.8571428571428571,0.922,0.9869848156182213,78.0,5,May
2024-11-12,Device_4,Ahmedabad,22,863,1000,2,7,0.9090909090909091,0.863,0.9918887601390498,77.82,11,November
2024-01-08,Device_5,Jaipur,24,883,1000,0,13,1.0,0.883,0.9852774631936579,87.0,1,January
2024-12-08,Device_6,Bangalore,21,884,1000,3,17,0.8571428571428571,0.884,0.9807692307692307,74.31,12,December
2024-12-29,Device_10,Mumbai,20,977,1000,4,13,0.8,0.977,0.9866939611054247,77.12,12,December
2024-10-25,Device_5,Pune,22,843,1000,2,4,0.9090909090909091,0.843,0.9952550415183867,76.27,10,October
2024-12-20,Device_6,Kolkata,23,982,1000,1,9,0.9565217391304348,0.982,0.9908350305498982,93.07,12,December
2024-08-19,Device_3,Pune,23,805,1000,1,5,0.9565217391304348,0.805,0.9937888198757764,76.52,8,August
2024-08-22,Device_4,Chennai,20,909,1000,4,6,0.8,0.909,0.9933993399339934,72.24,8,August
2024-02-17,Device_1,Chennai,23,878,1000,1,5,0.9565217391304348,0.878,0.9943052391799544,83.5,2,February
2024-12-08,Device_9,Mumbai,24,930,1000,0,1,1.0,0.93,0.9989247311827957,92.9,12,December
2024-03-02,Device_9,Pune,23,998,1000,1,12,0.9565217391304348,0.998,0.9879759519038076,94.31,3,March
2024-11-10,Device_8,Lucknow,22,811,1000,2,10,0.9090909090909091,0.811,0.9876695437731196,72.82,11,November
2024-10-16,Device_3,Jaipur,20,892,1000,4,5,0.8,0.892,0.9943946188340808,70.96,10,October
2024-05-03,Device_1,Mumbai,21,966,1000,3,17,0.8571428571428571,0.966,0.9824016563146998,81.34,5,May
2024-06-17,Device_2,Lucknow,20,814,1000,4,18,0.8,0.814,0.9778869778869779,63.68,6,June
2024-03-08,Device_9,Lucknow,22,886,1000,2,3,0.9090909090909091,0.886,0.9966139954853274,80.27,3,March
2024-06-02,Device_9,Lucknow,24,850,1000,0,9,1.0,0.85,0.9894117647058823,84.1,6,June
2024-02-25,Device_3,Ahmedabad,24,985,1000,0,14,1.0,0.985,0.9857868020304569,97.1,2,February
2024-04-12,Device_6,Mumbai,22,885,1000,2,5,0.9090909090909091,0.885,0.9943502824858758,80.0,4,April
2024-09-20,Device_8,Bangalore,22,959,1000,2,6,0.9090909090909091,0.959,0.9937434827945777,86.64,9,September
2024-09-25,Device_3,Hyderabad,24,914,1000,0,14,1.0,0.914,0.9846827133479212,90.0,9,September
2024-03-28,Device_9,Kolkata,24,951,1000,0,4,1.0,0.951,0.9957939011566772,94.7,3,March
2024-05-10,Device_9,Chennai,23,817,1000,1,7,0.9565217391304348,0.817,0.9914320685434517,77.48,5,May
2024-06-22,Device_10,Bangalore,20,878,1000,4,10,0.8,0.878,0.9886104783599089,69.44,6,June
2024-02-14,Device_6,Hyderabad,22,857,1000,2,8,0.9090909090909091,0.857,0.9906651108518086,77.18,2,February
2024-07-08,Device_1,Lucknow,24,926,1000,0,5,1.0,0.926,0.9946004319654428,92.1,7,July
2024-05-24,Device_5,Kolkata,24,898,1000,0,13,1.0,0.898,0.9855233853006682,88.5,5,May
2024-07-05,Device_1,Delhi,23,825,1000,1,2,0.9565217391304348,0.825,0.9975757575757576,78.72,7,July
2024-03-01,Device_10,Pune,20,808,1000,4,13,0.8,0.808,0.9839108910891089,63.6,3,March
2024-12-28,Device_8,Ahmedabad,24,812,1000,0,0,1.0,0.812,1.0,81.2,12,December
2024-07-16,Device_9,Chennai,23,829,1000,1,6,0.9565217391304348,0.829,0.9927623642943305,78.72,7,July
2024-04-27,Device_10,Mumbai,21,913,1000,3,0,0.8571428571428571,0.913,1.0,78.26,4,April
2024-03-28,Device_9,Mumbai,22,872,1000,2,5,0.9090909090909091,0.872,0.9942660550458715,78.82,3,March
2024-01-24,Device_6,Delhi,24,801,1000,0,6,1.0,0.801,0.9925093632958801,79.5,1,January
2024-01-01,Device_4,Kolkata,20,956,1000,4,1,0.8,0.956,0.9989539748953975,76.4,1,January
2024-05-12,Device_8,Hyderabad,24,944,1000,0,6,1.0,0.944,0.9936440677966102,93.8,5,May
2024-03-12,Device_9,Jaipur,21,831,1000,3,11,0.8571428571428571,0.831,0.98676293622142,70.29,3,March
2024-07-13,Device_9,Delhi,21,914,1000,3,6,0.8571428571428571,0.914,0.9934354485776805,77.83,7,July
2024-10-06,Device_1,Lucknow,21,853,1000,3,12,0.8571428571428571,0.853,0.9859320046893317,72.09,10,October
2024-12-02,Device_1,Ahmedabad,21,965,1000,3,9,0.8571428571428571,0.965,0.9906735751295337,81.94,12,December
2024-08-29,Device_1,Kolkata,22,834,1000,2,16,0.9090909090909091,0.834,0.9808153477218226,74.36,8,August
2024-11-17,Device_2,Mumbai,22,926,1000,2,0,0.9090909090909091,0.926,1.0,84.18,11,November
2024-07-29,Device_5,Chennai,20,847,1000,4,17,0.8,0.847,0.9799291617473436,66.4,7,July
2024-07-19,Device_2,Ahmedabad,22,889,1000,2,12,0.9090909090909091,0.889,0.9865016872890888,79.73,7,July
2024-01-28,Device_8,Kolkata,23,1000,1000,1,8,0.9565217391304348,1.0,0.992,94.89,1,January
2024-04-18,Device_2,Delhi,20,868,1000,4,19,0.8,0.868,0.978110599078341,67.92,4,April
2024-12-04,Device_4,Pune,20,977,1000,4,12,0.8,0.977,0.9877175025588536,77.2,12,December
2024-01-01,Device_4,Bangalore,23,987,1000,1,12,0.9565217391304348,0.987,0.9878419452887538,93.26,1,January
2024-06-07,Device_1,Bangalore,20,929,1000,4,0,0.8,0.929,1.0,74.32,6,June
2024-09-09,Device_9,Lucknow,21,960,1000,3,14,0.8571428571428571,0.96,0.9854166666666667,81.09,9,September
2024-09-25,Device_3,Chennai,20,934,1000,4,14,0.8,0.934,0.9850107066381156,73.6,9,September
2024-03-01,Device_9,Chennai,21,964,1000,3,16,0.8571428571428571,0.964,0.983402489626556,81.26,3,March
2024-10-03,Device_9,Bangalore,20,928,1000,4,7,0.8,0.928,0.9924568965517241,73.68,10,October
2024-07-29,Device_6,Hyderabad,23,919,1000,1,7,0.9565217391304348,0.919,0.9923830250272034,87.23,7,July
2024-09-30,Device_8,Bangalore,20,832,1000,4,0,0.8,0.832,1.0,66.56,9,September
2024-07-18,Device_5,Ahmedabad,21,962,1000,3,6,0.8571428571428571,0.962,0.9937629937629938,81.94,7,July
2024-11-05,Device_10,Chennai,23,993,1000,1,5,0.9565217391304348,0.993,0.9949647532729103,94.5,11,November
2024-10-15,Device_5,Ahmedabad,21,800,1000,3,1,0.8571428571428571,0.8,0.99875,68.49,10,October
2024-03-13,Device_9,Chennai,23,978,1000,1,4,0.9565217391304348,0.978,0.9959100204498977,93.17,3,March
2024-09-19,Device_4,Ahmedabad,23,876,1000,1,15,0.9565217391304348,0.876,0.9828767123287672,82.36,9,September
2024-03-17,Device_5,Ahmedabad,21,879,1000,3,5,0.8571428571428571,0.879,0.9943117178612059,74.91,3,March
2024-06-27,Device_4,Lucknow,21,859,1000,3,20,0.8571428571428571,0.859,0.9767171129220024,71.91,6,June
2024-04-08,Device_1,Bangalore,22,820,1000,2,15,0.9090909090909091,0.82,0.9817073170731707,73.18,4,April
2024-02-06,Device_9,Delhi,24,894,1000,0,19,1.0,0.894,0.9787472035794184,87.5,2,February
2024-07-22,Device_1,Mumbai,23,871,1000,1,14,0.9565217391304348,0.871,0.983926521239954,81.97,7,July
2024-09-03,Device_1,Hyderabad,20,832,1000,4,11,0.8,0.832,0.9867788461538461,65.68,9,September
2024-02-07,Device_5,Lucknow,20,973,1000,4,7,0.8,0.973,0.9928057553956835,77.28,2,February
2024-10-27,Device_3,Ahmedabad,23,989,1000,1,0,0.9565217391304348,0.989,1.0,94.6,10,October
2024-09-12,Device_7,Lucknow,24,853,1000,0,3,1.0,0.853,0.9964830011723329,85.0,9,September
2024-07-07,Device_3,Mumbai,22,977,1000,2,5,0.9090909090909091,0.977,0.9948822927328557,88.36,7,July
2024-06-21,Device_8,Jaipur,20,915,1000,4,9,0.8,0.915,0.9901639344262295,72.48,6,June
2024-07-22,Device_6,Delhi,23,907,1000,1,11,0.9565217391304348,0.907,0.9878721058434399,85.7,7,July
2024-02-10,Device_1,Jaipur,21,828,1000,3,4,0.8571428571428571,0.828,0.9951690821256038,70.63,2,February
2024-10-09,Device_9,Hyderabad,22,846,1000,2,11,0.9090909090909091,0.846,0.9869976359338062,75.91,10,October
2024-10-03,Device_8,Mumbai,22,865,1000,2,3,0.9090909090909091,0.865,0.9965317919075144,78.36,10,October
2024-02-23,Device_6,Kolkata,22,814,1000,2,0,0.9090909090909091,0.814,1.0,74.0,2,February
2024-01-25,Device_7,Lucknow,21,943,1000,3,0,0.8571428571428571,0.943,1.0,80.83,1,January
2024-12-25,Device_4,Delhi,22,912,1000,2,11,0.9090909090909091,0.912,0.9879385964912281,81.91,12,December
2024-09-05,Device_2,Pune,23,861,1000,1,3,0.9565217391304348,0.861,0.9965156794425087,82.07,9,September
2024-02-21,Device_6,Mumbai,20,909,1000,4,2,0.8,0.909,0.9977997799779978,72.56,2,February
2024-07-24,Device_3,Kolkata,22,920,1000,2,7,0.9090909090909091,0.92,0.9923913043478261,83.0,7,July
2024-08-25,Device_1,Jaipur,22,978,1000,2,13,0.9090909090909091,0.978,0.9867075664621677,87.73,8,August
2024-09-11,Device_7,Mumbai,23,872,1000,1,1,0.9565217391304348,0.872,0.9988532110091743,83.31,9,September
2024-12-24,Device_1,Jaipur,20,848,1000,4,10,0.8,0.848,0.9882075471698113,67.04,12,December
2024-03-20,Device_5,Kolkata,23,885,1000,1,17,0.9565217391304348,0.885,0.9807909604519774,83.03,3,March
2024-07-28,Device_5,Bangalore,23,929,1000,1,15,0.9565217391304348,0.929,0.9838536060279871,87.43,7,July
2024-03-27,Device_3,Jaipur,22,817,1000,2,4,0.9090909090909091,0.817,0.9951040391676866,73.91,3,March
2024-10-15,Device_6,Ahmedabad,24,986,1000,0,3,1.0,0.986,0.9969574036511156,98.3,10,October
2024-08-01,Device_1,Lucknow,22,983,1000,2,10,0.9090909090909091,0.983,0.9898270600203459,88.45,8,August
2024-06-19,Device_5,Chennai,20,961,1000,4,5,0.8,0.961,0.9947970863683663,76.48,6,June
2024-12-20,Device_9,Pune,24,956,1000,0,13,1.0,0.956,0.9864016736401674,94.3,12,December
2024-10-01,Device_7,Delhi,20,911,1000,4,10,0.8,0.911,0.9890230515916575,72.08,10,October
2024-03-25,Device_6,Pune,20,830,1000,4,4,0.8,0.83,0.9951807228915662,66.08,3,March
2024-11-10,Device_8,Pune,21,931,1000,3,13,0.8571428571428571,0.931,0.9860365198711063,78.69,11,November
2024-07-23,Device_9,Jaipur,21,819,1000,3,0,0.8571428571428571,0.819,1.0,70.2,7,July
2024-12-22,Device_10,Delhi,23,994,1000,1,1,0.9565217391304348,0.994,0.9989939637826962,94.98,12,December
2024-02-14,Device_1,Lucknow,22,941,1000,2,20,0.9090909090909091,0.941,0.9787460148777896,83.73,2,February
2024-08-04,Device_6,Hyderabad,21,818,1000,3,0,0.8571428571428571,0.818,1.0,70.11,8,August
2024-11-20,Device_9,Bangalore,21,856,1000,3,10,0.8571428571428571,0.856,0.9883177570093458,72.51,11,November
2024-02-18,Device_8,Lucknow,21,881,1000,3,13,0.8571428571428571,0.881,0.985244040862656,74.4,2,February
2024-02-28,Device_5,Ahmedabad,20,817,1000,4,5,0.8,0.817,0.9938800489596084,64.96,2,February
2024-05-24,Device_5,Kolkata,22,945,1000,2,17,0.9090909090909091,0.945,0.982010582010582,84.36,5,May
2024-11-09,Device_8,Jaipur,22,839,1000,2,0,0.9090909090909091,0.839,1.0,76.27,11,November
2024-12-01,Device_6,Chennai,20,866,1000,4,16,0.8,0.866,0.9815242494226328,68.0,12,December
2024-12-08,Device_7,Bangalore,20,996,1000,4,2,0.8,0.996,0.9979919678714859,79.52,12,December
2024-08-23,Device_2,Mumbai,22,972,1000,2,10,0.9090909090909091,0.972,0.9897119341563786,87.45,8,August
2024-02-07,Device_2,Mumbai,21,926,1000,3,6,0.8571428571428571,0.926,0.9935205183585313,78.86,2,February
2024-03-15,Device_4,Pune,24,812,1000,0,5,1.0,0.812,0.9938423645320197,80.7,3,March
2024-11-22,Device_7,Pune,23,801,1000,1,1,0.9565217391304348,0.801,0.9987515605493134,76.52,11,November
2024-09-25,Device_10,Lucknow,23,860,1000,1,7,0.9565217391304348,0.86,0.9918604651162791,81.59,9,September
2024-07-16,Device_7,Bangalore,21,915,1000,3,3,0.8571428571428571,0.915,0.9967213114754099,78.17,7,July
2024-12-21,Device_9,Delhi,20,989,1000,4,0,0.8,0.989,1.0,79.12,12,December
2024-08-25,Device_2,Ahmedabad,21,951,1000,3,3,0.8571428571428571,0.951,0.9968454258675079,81.26,8,August
2024-10-28,Device_8,Ahmedabad,22,893,1000,2,15,0.9090909090909091,0.893,0.9832026875699889,79.82,10,October
2024-04-27,Device_7,Chennai,22,882,1000,2,12,0.9090909090909091,0.882,0.9863945578231292,79.09,4,April
2024-10-10,Device_5,Bangalore,24,937,1000,0,14,1.0,0.937,0.9850586979722519,92.3,10,October
2024-07-22,Device_6,Jaipur,22,987,1000,2,0,0.9090909090909091,0.987,1.0,89.73,7,July
2024-02-23,Device_8,Lucknow,22,984,1000,2,2,0.9090909090909091,0.984,0.9979674796747967,89.27,2,February
2024-09-29,Device_8,Pune,21,869,1000,3,18,0.8571428571428571,0.869,0.9792865362485615,72.94,9,September
2024-09-16,Device_10,Chennai,23,992,1000,1,3,0.9565217391304348,0.992,0.9969758064516129,94.6,9,September
2024-04-15,Device_1,Ahmedabad,21,875,1000,3,9,0.8571428571428571,0.875,0.9897142857142858,74.23,4,April
2024-02-04,Device_1,Ahmedabad,22,973,1000,2,17,0.9090909090909091,0.973,0.9825282631038027,86.91,2,February
2024-11-19,Device_8,Mumbai,24,857,1000,0,8,1.0,0.857,0.9906651108518086,84.9,11,November
2024-03-27,Device_6,Bangalore,20,963,1000,4,18,0.8,0.963,0.9813084112149533,75.6,3,March
2024-09-21,Device_4,Hyderabad,21,812,1000,3,4,0.8571428571428571,0.812,0.9950738916256158,69.26,9,September
2024-02-27,Device_1,Chennai,22,954,1000,2,14,0.9090909090909091,0.954,0.9853249475890985,85.45,2,February
2024-09-27,Device_8,Chennai,23,854,1000,1,16,0.9565217391304348,0.854,0.9812646370023419,80.16,9,September
2024-07-26,Device_7,Chennai,22,846,1000,2,0,0.9090909090909091,0.846,1.0,76.91,7,July
2024-01-03,Device_10,Bangalore,20,909,1000,4,3,0.8,0.909,0.9966996699669967,72.48,1,January
2024-06-28,Device_7,Pune,20,965,1000,4,6,0.8,0.965,0.9937823834196892,76.72,6,June
2024-04-08,Device_10,Delhi,21,832,1000,3,8,0.8571428571428571,0.832,0.9903846153846154,70.63,4,April
2024-06-04,Device_1,Kolkata,20,823,1000,4,6,0.8,0.823,0.9927095990279465,65.36,6,June
2024-04-18,Device_8,Ahmedabad,22,954,1000,2,10,0.9090909090909091,0.954,0.989517819706499,85.82,4,April
2024-11-18,Device_1,Ahmedabad,24,948,1000,0,1,1.0,0.948,0.9989451476793249,94.7,11,November
2024-01-14,Device_7,Mumbai,21,861,1000,3,0,0.8571428571428571,0.861,1.0,73.8,1,January
2024-02-07,Device_7,Delhi,20,823,1000,4,20,0.8,0.823,0.9756986634264885,64.24,2,February
2024-03-16,Device_5,Bangalore,23,979,1000,1,7,0.9565217391304348,0.979,0.992849846782431,92.97,3,March
2024-02-04,Device_10,Bangalore,23,892,1000,1,20,0.9565217391304348,0.892,0.9775784753363229,83.41,2,February
2024-09-11,Device_10,Hyderabad,22,824,1000,2,11,0.9090909090909091,0.824,0.9866504854368932,73.91,9,September
2024-02-26,Device_8,Pune,20,925,1000,4,10,0.8,0.925,0.9891891891891892,73.2,2,February
2024-03-29,Device_10,Pune,24,815,1000,0,3,1.0,0.815,0.996319018404908,81.2,3,March
2024-09-09,Device_3,Bangalore,21,901,1000,3,7,0.8571428571428571,0.901,0.9922308546059934,76.63,9,September
2024-05-27,Device_9,Bangalore,20,977,1000,4,18,0.8,0.977,0.9815762538382804,76.72,5,May
2024-03-08,Device_5,Bangalore,24,818,1000,0,17,1.0,0.818,0.9792176039119804,80.1,3,March
2024-11-05,Device_6,Lucknow,21,808,1000,3,4,0.8571428571428571,0.808,0.995049504950495,68.91,11,November
2024-09-18,Device_1,Chennai,24,980,1000,0,17,1.0,0.98,0.9826530612244898,96.3,9,September
2024-11-28,Device_5,Bangalore,20,926,1000,4,12,0.8,0.926,0.9870410367170627,73.12,11,November
2024-02-02,Device_6,Jaipur,24,895,1000,0,19,1.0,0.895,0.9787709497206704,87.6,2,February
2024-12-07,Device_6,Kolkata,22,859,1000,2,3,0.9090909090909091,0.859,0.9965075669383003,77.82,12,December
2024-02-19,Device_3,Kolkata,24,906,1000,0,13,1.0,0.906,0.9856512141280354,89.3,2,February
2024-09-26,Device_5,Jaipur,20,813,1000,4,14,0.8,0.813,0.982779827798278,63.92,9,September
2024-08-25,Device_8,Ahmedabad,22,835,1000,2,1,0.9090909090909091,0.835,0.9988023952095808,75.82,8,August
2024-05-04,Device_9,Lucknow,22,873,1000,2,15,0.9090909090909091,0.873,0.9828178694158075,78.0,5,May
2024-11-17,Device_5,Mumbai,23,963,1000,1,11,0.9565217391304348,0.963,0.9885773624091381,91.06,11,November
2024-02-13,Device_4,Lucknow,20,905,1000,4,4,0.8,0.905,0.9955801104972376,72.08,2,February
2024-10-14,Device_10,Delhi,20,833,1000,4,18,0.8,0.833,0.978391356542617,65.2,10,October
2024-11-04,Device_4,Ahmedabad,24,979,1000,0,3,1.0,0.979,0.9969356486210419,97.6,11,November
2024-01-27,Device_4,Hyderabad,22,850,1000,2,4,0.9090909090909091,0.85,0.9952941176470588,76.91,1,January
2024-01-03,Device_8,Mumbai,22,898,1000,2,14,0.9090909090909091,0.898,0.9844097995545658,80.36,1,January
2024-03-27,Device_1,Bangalore,20,899,1000,4,12,0.8,0.899,0.9866518353726362,70.96,3,March
2024-10-27,Device_7,Hyderabad,21,841,1000,3,2,0.8571428571428571,0.841,0.9976218787158145,71.91,10,October
2024-02-04,Device_5,Lucknow,22,975,1000,2,8,0.9090909090909091,0.975,0.9917948717948718,87.91,2,February
2024-11-20,Device_5,Hyderabad,24,856,1000,0,8,1.0,0.856,0.9906542056074766,84.8,11,November
2024-11-07,Device_4,Ahmedabad,24,887,1000,0,3,1.0,0.887,0.9966178128523112,88.4,11,November
2024-09-06,Device_7,Chennai,23,900,1000,1,9,0.9565217391304348,0.9,0.99,85.23,9,September
2024-04-13,Device_9,Bangalore,23,1000,1000,1,15,0.9565217391304348,1.0,0.985,94.22,4,April
2024-02-15,Device_4,Chennai,20,960,1000,4,17,0.8,0.96,0.9822916666666667,75.44,2,February
2024-11-23,Device_3,Chennai,21,940,1000,3,9,0.8571428571428571,0.94,0.9904255319148936,79.8,11,November
2024-11-14,Device_8,Bangalore,20,854,1000,4,20,0.8,0.854,0.9765807962529274,66.72,11,November
2024-03-21,Device_7,Hyderabad,20,868,1000,4,3,0.8,0.868,0.9965437788018433,69.2,3,March
2024-05-06,Device_3,Ahmedabad,24,944,1000,0,14,1.0,0.944,0.9851694915254238,93.0,5,May
2024-12-29,Device_5,Chennai,24,832,1000,0,15,1.0,0.832,0.9819711538461539,81.7,12,December
2024-02-12,Device_6,Bangalore,20,905,1000,4,16,0.8,0.905,0.9823204419889503,71.12,2,February
2024-08-13,Device_6,Kolkata,21,923,1000,3,8,0.8571428571428571,0.923,0.991332611050921,78.43,8,August
2024-07-12,Device_6,Bangalore,24,879,1000,0,17,1.0,0.879,0.9806598407281001,86.2,7,July
2024-12-17,Device_6,Pune,20,930,1000,4,7,0.8,0.93,0.9924731182795699,73.84,12,December
2024-04-19,Device_2,Jaipur,24,965,1000,0,17,1.0,0.965,0.9823834196891191,94.8,4,April
2024-05-15,Device_9,Hyderabad,23,946,1000,1,17,0.9565217391304348,0.946,0.9820295983086681,88.86,5,May
2024-08-02,Device_4,Pune,20,816,1000,4,6,0.8,0.816,0.9926470588235294,64.8,8,August
2024-10-27,Device_8,Jaipur,24,880,1000,0,14,1.0,0.88,0.9840909090909091,86.6,10,October
2024-12-24,Device_3,Chennai,23,821,1000,1,7,0.9565217391304348,0.821,0.9914738124238733,77.86,12,December
2024-08-22,Device_2,Hyderabad,20,830,1000,4,6,0.8,0.83,0.9927710843373494,65.92,8,August
2024-02-19,Device_8,Hyderabad,23,938,1000,1,3,0.9565217391304348,0.938,0.9968017057569296,89.43,2,February
2024-09-20,Device_6,Hyderabad,22,853,1000,2,11,0.9090909090909091,0.853,0.9871043376318874,76.55,9,September
2024-04-21,Device_1,Lucknow,24,906,1000,0,14,1.0,0.906,0.9845474613686535,89.2,4,April
2024-07-28,Device_9,Chennai,21,867,1000,3,17,0.8571428571428571,0.867,0.9803921568627451,72.86,7,July
2024-03-30,Device_9,Jaipur,24,950,1000,0,0,1.0,0.95,1.0,95.0,3,March
2024-12-10,Device_9,Ahmedabad,23,937,1000,1,17,0.9565217391304348,0.937,0.9818569903948773,88.0,12,December
2024-04-29,Device_10,Ahmedabad,23,823,1000,1,17,0.9565217391304348,0.823,0.9793438639125152,77.1,4,April
2024-05-04,Device_10,Kolkata,24,815,1000,0,2,1.0,0.815,0.9975460122699387,81.3,5,May
2024-04-29,Device_10,Hyderabad,21,962,1000,3,2,0.8571428571428571,0.962,0.997920997920998,82.29,4,April
2024-02-25,Device_4,Jaipur,21,949,1000,3,20,0.8571428571428571,0.949,0.9789251844046365,79.63,2,February
2024-03-05,Device_7,Delhi,21,808,1000,3,20,0.8571428571428571,0.808,0.9752475247524752,67.54,3,March
2024-10-02,Device_7,Ahmedabad,24,974,1000,0,14,1.0,0.974,0.9856262833675564,96.0,10,October
2024-03-01,Device_10,Ahmedabad,22,860,1000,2,10,0.9090909090909091,0.86,0.9883720930232558,77.27,3,March
2024-07-24,Device_8,Ahmedabad,23,866,1000,1,3,0.9565217391304348,0.866,0.9965357967667436,82.55,7,July
2024-03-30,Device_7,Delhi,23,930,1000,1,18,0.9565217391304348,0.93,0.9806451612903225,87.23,3,March
2024-08-20,Device_8,Kolkata,20,992,1000,4,12,0.8,0.992,0.9879032258064516,78.4,8,August
2024-12-13,Device_7,Delhi,24,999,1000,0,19,1.0,0.999,0.980980980980981,98.0,12,December
2024-04-10,Device_2,Delhi,21,836,1000,3,9,0.8571428571428571,0.836,0.9892344497607656,70.89,4,April
2024-03-14,Device_3,Delhi,22,886,1000,2,13,0.9090909090909091,0.886,0.9853273137697517,79.36,3,March
2024-02-21,Device_7,Ahmedabad,24,943,1000,0,6,1.0,0.943,0.9936373276776246,93.7,2,February
2024-03-05,Device_6,Lucknow,23,881,1000,1,16,0.9565217391304348,0.881,0.981838819523269,82.74,3,March
2024-10-10,Device_5,Chennai,21,860,1000,3,16,0.8571428571428571,0.86,0.9813953488372092,72.34,10,October
2024-01-30,Device_6,Bangalore,20,943,1000,4,10,0.8,0.943,0.9893955461293743,74.64,1,January
2024-11-20,Device_1,Chennai,22,951,1000,2,1,0.9090909090909091,0.951,0.9989484752891693,86.36,11,November
2024-04-02,Device_5,Chennai,24,896,1000,0,11,1.0,0.896,0.9877232142857143,88.5,4,April
2024-01-28,Device_6,Bangalore,23,942,1000,1,20,0.9565217391304348,0.942,0.9787685774946921,88.19,1,January
2024-07-21,Device_10,Delhi,23,947,1000,1,11,0.9565217391304348,0.947,0.9883843717001056,89.53,7,July
2024-07-22,Device_9,Pune,24,905,1000,0,9,1.0,0.905,0.9900552486187846,89.6,7,July
2024-06-04,Device_5,Mumbai,23,876,1000,1,2,0.9565217391304348,0.876,0.997716894977169,83.6,6,June
2024-08-13,Device_6,Chennai,24,846,1000,0,14,1.0,0.846,0.983451536643026,83.2,8,August
2024-06-20,Device_2,Kolkata,22,879,1000,2,11,0.9090909090909091,0.879,0.987485779294653,78.91,6,June
2024-05-31,Device_1,Jaipur,24,863,1000,0,2,1.0,0.863,0.9976825028968713,86.1,5,May
2024-08-26,Device_5,Chennai,24,964,1000,0,18,1.0,0.964,0.9813278008298755,94.6,8,August
2024-10-20,Device_6,Kolkata,20,876,1000,4,11,0.8,0.876,0.9874429223744292,69.2,10,October
2024-07-13,Device_10,Lucknow,20,842,1000,4,3,0.8,0.842,0.996437054631829,67.12,7,July
2024-01-10,Device_2,Mumbai,23,919,1000,1,8,0.9565217391304348,0.919,0.9912948857453754,87.14,1,January
2024-04-09,Device_8,Bangalore,20,911,1000,4,6,0.8,0.911,0.9934138309549945,72.4,4,April
2024-08-09,Device_6,Lucknow,23,900,1000,1,14,0.9565217391304348,0.9,0.9844444444444445,84.75,8,August
2024-04-08,Device_5,Hyderabad,24,851,1000,0,5,1.0,0.851,0.9941245593419507,84.6,4,April
2024-04-03,Device_2,Chennai,20,932,1000,4,5,0.8,0.932,0.9946351931330472,74.16,4,April
2024-12-03,Device_1,Bangalore,20,853,1000,4,4,0.8,0.853,0.9953106682297772,67.92,12,December
2024-06-04,Device_8,Chennai,24,802,1000,0,8,1.0,0.802,0.9900249376558603,79.4,6,June
2024-10-28,Device_1,Ahmedabad,24,906,1000,0,3,1.0,0.906,0.9966887417218543,90.3,10,October
2024-11-23,Device_7,Bangalore,22,991,1000,2,17,0.9090909090909091,0.991,0.9828456104944501,88.55,11,November
2024-11-02,Device_9,Delhi,20,978,1000,4,2,0.8,0.978,0.9979550102249489,78.08,11,November
2024-12-10,Device_3,Lucknow,22,867,1000,2,19,0.9090909090909091,0.867,0.9780853517877739,77.09,12,December
2024-07-11,Device_8,Mumbai,22,958,1000,2,9,0.9090909090909091,0.958,0.9906054279749478,86.27,7,July
2024-04-27,Device_2,Chennai,20,885,1000,4,3,0.8,0.885,0.9966101694915255,70.56,4,April
2024-08-04,Device_7,Delhi,24,982,1000,0,17,1.0,0.982,0.9826883910386965,96.5,8,August
2024-08-05,Device_7,Lucknow,24,962,1000,0,5,1.0,0.962,0.9948024948024948,95.7,8,August
2024-05-02,Device_10,Mumbai,20,832,1000,4,20,0.8,0.832,0.9759615384615384,64.96,5,May
2024-09-01,Device_8,Mumbai,23,954,1000,1,16,0.9565217391304348,0.954,0.9832285115303984,89.72,9,September
2024-09-11,Device_7,Chennai,21,876,1000,3,20,0.8571428571428571,0.876,0.9771689497716894,73.37,9,September
2024-02-18,Device_3,Jaipur,22,974,1000,2,3,0.9090909090909091,0.974,0.9969199178644764,88.27,2,February
2024-07-27,Device_5,Bangalore,24,824,1000,0,18,1.0,0.824,0.9781553398058253,80.6,7,July
2024-07-19,Device_5,Lucknow,20,971,1000,4,1,0.8,0.971,0.9989701338825953,77.6,7,July
2024-10-26,Device_9,Bangalore,24,856,1000,0,19,1.0,0.856,0.977803738317757,83.7,10,October
2024-09-12,Device_10,Kolkata,24,930,1000,0,9,1.0,0.93,0.9903225806451613,92.1,9,September
2024-09-25,Device_1,Bangalore,21,804,1000,3,13,0.8571428571428571,0.804,0.9838308457711443,67.8,9,September
2024-05-01,Device_7,Pune,20,935,1000,4,7,0.8,0.935,0.9925133689839573,74.24,5,May
2024-10-28,Device_1,Bangalore,24,934,1000,0,18,1.0,0.934,0.9807280513918629,91.6,10,October
2024-02-10,Device_9,Chennai,22,936,1000,2,10,0.9090909090909091,0.936,0.9893162393162394,84.18,2,February
2024-07-10,Device_10,Bangalore,20,880,1000,4,5,0.8,0.88,0.9943181818181818,70.0,7,July
2024-01-09,Device_9,Ahmedabad,22,831,1000,2,2,0.9090909090909091,0.831,0.9975932611311673,75.36,1,January
2024-06-20,Device_7,Jaipur,20,990,1000,4,4,0.8,0.99,0.9959595959595959,78.88,6,June
2024-07-08,Device_8,Lucknow,21,993,1000,3,9,0.8571428571428571,0.993,0.9909365558912386,84.34,7,July
2024-07-24,Device_2,Jaipur,20,849,1000,4,7,0.8,0.849,0.9917550058892816,67.36,7,July
2024-08-02,Device_8,Ahmedabad,21,906,1000,3,17,0.8571428571428571,0.906,0.9812362030905077,76.2,8,August
2024-09-15,Device_5,Ahmedabad,24,969,1000,0,14,1.0,0.969,0.9855521155830753,95.5,9,September
2024-12-23,Device_3,Delhi,21,961,1000,3,1,0.8571428571428571,0.961,0.9989594172736732,82.29,12,December
2024-05-31,Device_8,Kolkata,23,815,1000,1,3,0.9565217391304348,0.815,0.996319018404908,77.67,5,May
2024-11-19,Device_6,Hyderabad,22,887,1000,2,7,0.9090909090909091,0.887,0.992108229988726,80.0,11,November
2024-11-06,Device_4,Delhi,20,929,1000,4,4,0.8,0.929,0.9956942949407965,74.0,11,November
2024-07-08,Device_4,Lucknow,22,910,1000,2,18,0.9090909090909091,0.91,0.9802197802197802,81.09,7,July
2024-07-26,Device_2,Lucknow,23,961,1000,1,8,0.9565217391304348,0.961,0.991675338189386,91.16,7,July
2024-01-04,Device_6,Lucknow,23,843,1000,1,6,0.9565217391304348,0.843,0.9928825622775801,80.06,1,January
2024-11-22,Device_4,Ahmedabad,23,947,1000,1,20,0.9565217391304348,0.947,0.9788806758183738,88.67,11,November
2024-04-02,Device_8,Ahmedabad,23,915,1000,1,10,0.9565217391304348,0.915,0.9890710382513661,86.57,4,April
2024-12-13,Device_8,Hyderabad,24,825,1000,0,0,1.0,0.825,1.0,82.5,12,December
2024-07-31,Device_8,Delhi,20,989,1000,4,17,0.8,0.989,0.9828109201213346,77.76,7,July
2024-03-14,Device_7,Kolkata,24,912,1000,0,15,1.0,0.912,0.9835526315789473,89.7,3,March
2024-07-31,Device_2,Mumbai,22,821,1000,2,20,0.9090909090909091,0.821,0.9756394640682094,72.82,7,July
2024-12-26,Device_4,Hyderabad,22,828,1000,2,9,0.9090909090909091,0.828,0.9891304347826086,74.45,12,December
2024-12-26,Device_5,Delhi,24,947,1000,0,14,1.0,0.947,0.9852164730728616,93.3,12,December
2024-07-22,Device_9,Pune,20,905,1000,4,12,0.8,0.905,0.9867403314917127,71.44,7,July
2024-10-30,Device_10,Pune,20,927,1000,4,16,0.8,0.927,0.982740021574973,72.88,10,October
2024-04-03,Device_7,Pune,21,828,1000,3,8,0.8571428571428571,0.828,0.9903381642512077,70.29,4,April
2024-09-01,Device_8,Pune,20,955,1000,4,20,0.8,0.955,0.9790575916230366,74.8,9,September
2024-07-24,Device_2,Delhi,22,995,1000,2,16,0.9090909090909091,0.995,0.9839195979899498,89.0,7,July
2024-10-19,Device_8,Mumbai,22,838,1000,2,10,0.9090909090909091,0.838,0.9880668257756563,75.27,10,October
2024-09-03,Device_3,Chennai,22,882,1000,2,12,0.9090909090909091,0.882,0.9863945578231292,79.09,9,September
2024-03-26,Device_1,Kolkata,24,816,1000,0,17,1.0,0.816,0.9791666666666666,79.9,3,March
2024-12-19,Device_9,Mumbai,23,925,1000,1,1,0.9565217391304348,0.925,0.9989189189189189,88.38,12,December
2024-07-10,Device_9,Chennai,20,981,1000,4,16,0.8,0.981,0.9836901121304791,77.2,7,July
2024-11-09,Device_2,Pune,20,800,1000,4,5,0.8,0.8,0.99375,63.6,11,November
2024-12-08,Device_10,Hyderabad,21,954,1000,3,20,0.8571428571428571,0.954,0.9790356394129979,80.06,12,December
2024-06-13,Device_9,Delhi,24,835,1000,0,9,1.0,0.835,0.9892215568862276,82.6,6,June
2024-05-18,Device_5,Mumbai,24,869,1000,0,12,1.0,0.869,0.9861910241657077,85.7,5,May
2024-01-25,Device_2,Kolkata,20,828,1000,4,0,0.8,0.828,1.0,66.24,1,January
2024-01-25,Device_5,Ahmedabad,22,881,1000,2,6,0.9090909090909091,0.881,0.9931895573212258,79.55,1,January
2024-01-19,Device_3,Hyderabad,22,951,1000,2,13,0.9090909090909091,0.951,0.9863301787592008,85.27,1,January
2024-01-10,Device_7,Hyderabad,21,903,1000,3,14,0.8571428571428571,0.903,0.9844961240310077,76.2,1,January
2024-05-23,Device_8,Jaipur,20,900,1000,4,4,0.8,0.9,0.9955555555555555,71.68,5,May
2024-06-06,Device_8,Lucknow,20,880,1000,4,18,0.8,0.88,0.9795454545454545,68.96,6,June
2024-09-12,Device_6,Kolkata,20,985,1000,4,15,0.8,0.985,0.9847715736040609,77.6,9,September
2024-05-01,Device_2,Bangalore,24,858,1000,0,20,1.0,0.858,0.9766899766899767,83.8,5,May
2024-07-10,Device_1,Chennai,22,827,1000,2,13,0.9090909090909091,0.827,0.9842805320435308,74.0,7,July
2024-01-08,Device_2,Bangalore,23,967,1000,1,3,0.9565217391304348,0.967,0.9968976215098242,92.21,1,January
2024-11-26,Device_5,Pune,24,821,1000,0,10,1.0,0.821,0.9878197320341048,81.1,11,November
2024-04-01,Device_4,Bangalore,20,890,1000,4,11,0.8,0.89,0.9876404494382023,70.32,4,April
2024-08-09,Device_10,Kolkata,20,813,1000,4,13,0.8,0.813,0.984009840098401,64.0,8,August
2024-03-26,Device_6,Delhi,21,865,1000,3,9,0.8571428571428571,0.865,0.9895953757225433,73.37,3,March
2024-08-30,Device_10,Bangalore,21,812,1000,3,17,0.8571428571428571,0.812,0.979064039408867,68.14,8,August
2024-09-25,Device_7,Delhi,22,958,1000,2,0,0.9090909090909091,0.958,1.0,87.09,9,September
2024-10-08,Device_7,Jaipur,21,811,1000,3,4,0.8571428571428571,0.811,0.9950678175092479,69.17,10,October
2024-12-05,Device_8,Jaipur,22,845,1000,2,11,0.9090909090909091,0.845,0.98698224852071,75.82,12,December
2024-06-05,Device_1,Kolkata,24,828,1000,0,5,1.0,0.828,0.9939613526570048,82.3,6,June
2024-07-14,Device_7,Kolkata,20,814,1000,4,15,0.8,0.814,0.9815724815724816,63.92,7,July
2024-09-02,Device_4,Ahmedabad,24,832,1000,0,2,1.0,0.832,0.9975961538461539,83.0,9,September
2024-03-20,Device_7,Mumbai,22,922,1000,2,10,0.9090909090909091,0.922,0.9891540130151844,82.91,3,March
2024-12-22,Device_7,Jaipur,20,882,1000,4,19,0.8,0.882,0.9784580498866213,69.04,12,December
2024-11-05,Device_9,Bangalore,23,843,1000,1,3,0.9565217391304348,0.843,0.99644128113879,80.35,11,November
2024-12-15,Device_4,Chennai,24,928,1000,0,17,1.0,0.928,0.9816810344827587,91.1,12,December
2024-11-05,Device_3,Bangalore,22,953,1000,2,3,0.9090909090909091,0.953,0.9968520461699895,86.36,11,November
2024-11-12,Device_2,Lucknow,22,862,1000,2,16,0.9090909090909091,0.862,0.9814385150812065,76.91,11,November
2024-06-13,Device_10,Chennai,23,991,1000,1,7,0.9565217391304348,0.991,0.992936427850656,94.12,6,June
2024-11-13,Device_1,Hyderabad,24,818,1000,0,17,1.0,0.818,0.9792176039119804,80.1,11,November
2024-09-27,Device_1,Mumbai,20,983,1000,4,12,0.8,0.983,0.987792472024415,77.68,9,September
2024-05-03,Device_10,Bangalore,20,820,1000,4,2,0.8,0.82,0.9975609756097561,65.44,5,May
2024-05-04,Device_4,Lucknow,24,984,1000,0,8,1.0,0.984,0.991869918699187,97.6,5,May
2024-12-22,Device_1,Chennai,24,948,1000,0,10,1.0,0.948,0.989451476793249,93.8,12,December
2024-07-04,Device_4,Ahmedabad,23,918,1000,1,5,0.9565217391304348,0.918,0.9945533769063181,87.33,7,July
2024-03-29,Device_6,Pune,22,819,1000,2,19,0.9090909090909091,0.819,0.9768009768009768,72.73,3,March
2024-07-01,Device_3,Kolkata,22,966,1000,2,1,0.9090909090909091,0.966,0.9989648033126294,87.73,7,July
2024-01-13,Device_5,Pune,23,842,1000,1,13,0.9565217391304348,0.842,0.9845605700712589,79.3,1,January
2024-03-02,Device_1,Lucknow,22,910,1000,2,16,0.9090909090909091,0.91,0.9824175824175824,81.27,3,March
2024-04-06,Device_1,Bangalore,22,852,1000,2,10,0.9090909090909091,0.852,0.9882629107981221,76.55,4,April
2024-02-16,Device_9,Jaipur,20,950,1000,4,12,0.8,0.95,0.9873684210526316,75.04,2,February
2024-01-10,Device_4,Bangalore,22,896,1000,2,8,0.9090909090909091,0.896,0.9910714285714286,80.73,1,January
2024-07-12,Device_10,Hyderabad,21,832,1000,3,13,0.8571428571428571,0.832,0.984375,70.2,7,July
2024-07-26,Device_1,Kolkata,23,980,1000,1,0,0.9565217391304348,0.98,1.0,93.74,7,July
2024-10-06,Device_1,Lucknow,22,981,1000,2,12,0.9090909090909091,0.981,0.9877675840978594,88.09,10,October
2024-08-18,Device_3,Kolkata,20,905,1000,4,17,0.8,0.905,0.9812154696132597,71.04,8,August
2024-01-20,Device_10,Hyderabad,23,948,1000,1,11,0.9565217391304348,0.948,0.9883966244725738,89.63,1,January
2024-01-02,Device_8,Kolkata,21,848,1000,3,18,0.8571428571428571,0.848,0.9787735849056604,71.14,1,January
2024-07-19,Device_9,Jaipur,20,804,1000,4,19,0.8,0.804,0.9763681592039801,62.8,7,July
2024-10-21,Device_7,Ahmedabad,24,950,1000,0,14,1.0,0.95,0.9852631578947368,93.6,10,October
2024-06-24,Device_10,Lucknow,21,860,1000,3,6,0.8571428571428571,0.86,0.9930232558139535,73.2,6,June
2024-05-04,Device_2,Lucknow,24,800,1000,0,10,1.0,0.8,0.9875,79.0,5,May
2024-08-13,Device_2,Ahmedabad,21,835,1000,3,2,0.8571428571428571,0.835,0.9976047904191617,71.4,8,August
2024-01-15,Device_5,Ahmedabad,21,924,1000,3,14,0.8571428571428571,0.924,0.9848484848484849,78.0,1,January
2024-09-06,Device_5,Hyderabad,22,985,1000,2,18,0.9090909090909091,0.985,0.9817258883248731,87.91,9,September
2024-02-10,Device_5,Ahmedabad,22,923,1000,2,20,0.9090909090909091,0.923,0.9783315276273022,82.09,2,February
2024-12-11,Device_5,Chennai,21,865,1000,3,7,0.8571428571428571,0.865,0.991907514450867,73.54,12,December
2024-08-14,Device_9,Jaipur,22,854,1000,2,7,0.9090909090909091,0.854,0.9918032786885246,77.0,8,August
2024-07-04,Device_6,Jaipur,21,888,1000,3,16,0.8571428571428571,0.888,0.9819819819819819,74.74,7,July
2024-04-13,Device_9,Chennai,20,836,1000,4,5,0.8,0.836,0.9940191387559809,66.48,4,April
2024-07-15,Device_8,Delhi,22,1000,1000,2,7,0.9090909090909091,1.0,0.993,90.27,7,July
2024-05-29,Device_9,Bangalore,23,841,1000,1,2,0.9565217391304348,0.841,0.9976218787158145,80.25,5,May
2024-01-27,Device_1,Ahmedabad,20,896,1000,4,14,0.8,0.896,0.984375,70.56,1,January
2024-10-02,Device_9,Mumbai,21,824,1000,3,3,0.8571428571428571,0.824,0.9963592233009708,70.37,10,October
2024-04-02,Device_8,Chennai,24,843,1000,0,15,1.0,0.843,0.9822064056939501,82.8,4,April
2024-03-18,Device_8,Kolkata,20,860,1000,4,8,0.8,0.86,0.9906976744186047,68.16,3,March
2024-04-13,Device_1,Hyderabad,24,861,1000,0,11,1.0,0.861,0.9872241579558653,85.0,4,April
2024-05-23,Device_10,Bangalore,21,913,1000,3,13,0.8571428571428571,0.913,0.9857612267250822,77.14,5,May
2024-10-04,Device_4,Chennai,22,949,1000,2,6,0.9090909090909091,0.949,0.9936775553213909,85.73,10,October
2024-12-05,Device_5,Chennai,22,916,1000,2,4,0.9090909090909091,0.916,0.9956331877729258,82.91,12,December
2024-10-28,Device_3,Kolkata,22,811,1000,2,4,0.9090909090909091,0.811,0.9950678175092479,73.36,10,October
2024-03-12,Device_8,Hyderabad,22,990,1000,2,6,0.9090909090909091,0.99,0.9939393939393939,89.45,3,March
2024-06-20,Device_9,Lucknow,24,969,1000,0,0,1.0,0.969,1.0,96.9,6,June
2024-07-25,Device_6,Chennai,20,812,1000,4,0,0.8,0.812,1.0,64.96,7,July
2024-12-12,Device_7,Chennai,22,833,1000,2,16,0.9090909090909091,0.833,0.9807923169267707,74.27,12,December
2024-01-24,Device_4,Pune,23,840,1000,1,13,0.9565217391304348,0.84,0.9845238095238096,79.1,1,January
2024-07-05,Device_10,Pune,22,828,1000,2,13,0.9090909090909091,0.828,0.9842995169082126,74.09,7,July
2024-06-12,Device_6,Delhi,22,960,1000,2,0,0.9090909090909091,0.96,1.0,87.27,6,June
2024-11-16,Device_4,Pune,21,968,1000,3,17,0.8571428571428571,0.968,0.9824380165289256,81.51,11,November
2024-03-14,Device_7,Ahmedabad,24,901,1000,0,6,1.0,0.901,0.9933407325194229,89.5,3,March
2024-10-10,Device_9,Jaipur,20,823,1000,4,8,0.8,0.823,0.9902794653705954,65.2,10,October
2024-06-30,Device_5,Bangalore,22,954,1000,2,16,0.9090909090909091,0.954,0.9832285115303984,85.27,6,June
2024-08-01,Device_8,Jaipur,23,983,1000,1,11,0.9565217391304348,0.983,0.9888097660223805,92.97,8,August
2024-12-31,Device_7,Pune,22,921,1000,2,13,0.9090909090909091,0.921,0.9858849077090119,82.55,12,December
2024-10-17,Device_5,Pune,22,942,1000,2,14,0.9090909090909091,0.942,0.9851380042462845,84.36,10,October
2024-10-12,Device_1,Lucknow,20,973,1000,4,13,0.8,0.973,0.986639260020555,76.8,10,October
2024-09-10,Device_3,Chennai,21,916,1000,3,10,0.8571428571428571,0.916,0.9890829694323144,77.66,9,September
2024-05-05,Device_6,Bangalore,21,929,1000,3,19,0.8571428571428571,0.929,0.9795479009687836,78.0,5,May
2024-01-05,Device_5,Delhi,20,934,1000,4,10,0.8,0.934,0.9892933618843683,73.92,1,January
2024-10-05,Device_10,Jaipur,22,927,1000,2,17,0.9090909090909091,0.927,0.9816612729234089,82.73,10,October
2024-06-11,Device_9,Ahmedabad,20,863,1000,4,10,0.8,0.863,0.9884125144843569,68.24,6,June
2024-03-12,Device_1,Mumbai,21,975,1000,3,2,0.8571428571428571,0.975,0.997948717948718,83.4,3,March
2024-09-13,Device_8,Pune,24,805,1000,0,8,1.0,0.805,0.9900621118012423,79.7,9,September
2024-04-07,Device_9,Jaipur,23,898,1000,1,16,0.9565217391304348,0.898,0.9821826280623608,84.37,4,April
2024-07-31,Device_3,Delhi,23,860,1000,1,12,0.9565217391304348,0.86,0.986046511627907,81.11,7,July
2024-07-17,Device_10,Jaipur,21,941,1000,3,5,0.8571428571428571,0.941,0.9946865037194474,80.23,7,July
2024-04-19,Device_6,Hyderabad,22,821,1000,2,2,0.9090909090909091,0.821,0.997563946406821,74.45,4,April
2024-07-19,Device_4,Chennai,23,916,1000,1,12,0.9565217391304348,0.916,0.9868995633187773,86.47,7,July
2024-08-18,Device_2,Kolkata,20,988,1000,4,6,0.8,0.988,0.9939271255060729,78.56,8,August
2024-10-15,Device_2,Hyderabad,24,851,1000,0,5,1.0,0.851,0.9941245593419507,84.6,10,October
2024-11-05,Device_3,Pune,20,811,1000,4,19,0.8,0.811,0.9765721331689272,63.36,11,November
2024-10-28,Device_7,Kolkata,22,947,1000,2,18,0.9090909090909091,0.947,0.9809926082365364,84.45,10,October
2024-02-20,Device_4,Delhi,21,866,1000,3,5,0.8571428571428571,0.866,0.9942263279445728,73.8,2,February
2024-04-06,Device_9,Delhi,23,863,1000,1,7,0.9565217391304348,0.863,0.9918887601390498,81.88,4,April
2024-08-12,Device_4,Lucknow,21,838,1000,3,18,0.8571428571428571,0.838,0.9785202863961814,70.29,8,August
2024-01-30,Device_10,Kolkata,24,963,1000,0,7,1.0,0.963,0.9927310488058152,95.6,1,January
2024-11-07,Device_4,Chennai,23,905,1000,1,3,0.9565217391304348,0.905,0.9966850828729282,86.28,11,November
2024-11-14,Device_6,Chennai,21,927,1000,3,3,0.8571428571428571,0.927,0.9967637540453075,79.2,11,November
2024-11-08,Device_8,Delhi,20,936,1000,4,7,0.8,0.936,0.9925213675213675,74.32,11,November
2024-09-29,Device_9,Mumbai,20,872,1000,4,1,0.8,0.872,0.9988532110091743,69.68,9,September
2024-10-26,Device_2,Ahmedabad,21,882,1000,3,0,0.8571428571428571,0.882,1.0,75.6,10,October
2024-06-01,Device_10,Bangalore,23,876,1000,1,3,0.9565217391304348,0.876,0.9965753424657534,83.5,6,June
2024-01-18,Device_6,Delhi,21,907,1000,3,11,0.8571428571428571,0.907,0.9878721058434399,76.8,1,January
2024-11-06,Device_3,Kolkata,22,922,1000,2,5,0.9090909090909091,0.922,0.9945770065075922,83.36,11,November
2024-07-09,Device_9,Ahmedabad,22,845,1000,2,2,0.9090909090909091,0.845,0.9976331360946745,76.64,7,July
2024-04-05,Device_2,Kolkata,21,978,1000,3,14,0.8571428571428571,0.978,0.9856850715746421,82.63,4,April
2024-06-28,Device_3,Lucknow,21,998,1000,3,20,0.8571428571428571,0.998,0.9799599198396793,83.83,6,June
2024-05-09,Device_5,Mumbai,22,811,1000,2,17,0.9090909090909091,0.811,0.9790382244143033,72.18,5,May
2024-02-10,Device_8,Jaipur,24,959,1000,0,4,1.0,0.959,0.9958289885297185,95.5,2,February
2024-07-11,Device_10,Chennai,24,986,1000,0,5,1.0,0.986,0.9949290060851927,98.1,7,July
2024-10-05,Device_3,Kolkata,22,882,1000,2,19,0.9090909090909091,0.882,0.9784580498866213,78.45,10,October
2024-05-31,Device_4,Bangalore,23,862,1000,1,12,0.9565217391304348,0.862,0.9860788863109049,81.3,5,May
2024-04-03,Device_4,Chennai,20,828,1000,4,7,0.8,0.828,0.9915458937198067,65.68,4,April
2024-12-02,Device_7,Pune,24,815,1000,0,15,1.0,0.815,0.9815950920245399,80.0,12,December
2024-11-28,Device_4,Ahmedabad,23,816,1000,1,6,0.9565217391304348,0.816,0.9926470588235294,77.48,11,November
2024-07-27,Device_4,Bangalore,20,864,1000,4,6,0.8,0.864,0.9930555555555556,68.64,7,July
2024-06-23,Device_4,Lucknow,20,948,1000,4,9,0.8,0.948,0.990506329113924,75.12,6,June
2024-07-26,Device_5,Lucknow,22,916,1000,2,0,0.9090909090909091,0.916,1.0,83.27,7,July
2024-02-06,Device_6,Delhi,24,879,1000,0,14,1.0,0.879,0.9840728100113766,86.5,2,February
2024-10-24,Device_9,Hyderabad,21,996,1000,3,8,0.8571428571428571,0.996,0.9919678714859438,84.69,10,October
2024-09-03,Device_2,Jaipur,21,844,1000,3,7,0.8571428571428571,0.844,0.9917061611374408,71.74,9,September
2024-12-29,Device_9,Delhi,23,953,1000,1,6,0.9565217391304348,0.953,0.993704092339979,90.58,12,December
2024-08-25,Device_4,Ahmedabad,23,829,1000,1,16,0.9565217391304348,0.829,0.9806996381182147,77.77,8,August
2024-06-18,Device_10,Ahmedabad,21,890,1000,3,9,0.8571428571428571,0.89,0.9898876404494382,75.51,6,June
2024-08-22,Device_4,Kolkata,23,869,1000,1,11,0.9565217391304348,0.869,0.9873417721518988,82.07,8,August
2024-09-07,Device_1,Hyderabad,23,881,1000,1,18,0.9565217391304348,0.881,0.9795686719636776,82.55,9,September
2024-10-05,Device_4,Mumbai,22,802,1000,2,2,0.9090909090909091,0.802,0.9975062344139651,72.73,10,October
2024-11-08,Device_8,Jaipur,22,801,1000,2,9,0.9090909090909091,0.801,0.9887640449438202,72.0,11,November
2024-04-23,Device_1,Jaipur,23,959,1000,1,9,0.9565217391304348,0.959,0.9906152241918665,90.87,4,April
2024-01-02,Device_10,Chennai,23,971,1000,1,0,0.9565217391304348,0.971,1.0,92.88,1,January
2024-03-29,Device_4,Bangalore,23,906,1000,1,12,0.9565217391304348,0.906,0.9867549668874173,85.51,3,March
2024-02-06,Device_1,Hyderabad,23,863,1000,1,17,0.9565217391304348,0.863,0.9803012746234068,80.92,2,February
2024-09-06,Device_8,Ahmedabad,23,992,1000,1,14,0.9565217391304348,0.992,0.9858870967741935,93.55,9,September
2024-01-03,Device_3,Ahmedabad,23,808,1000,1,0,0.9565217391304348,0.808,1.0,77.29,1,January
2024-02-01,Device_10,Bangalore,21,893,1000,3,19,0.8571428571428571,0.893,0.9787234042553191,74.91,2,February
2024-04-11,Device_2,Delhi,21,998,1000,3,17,0.8571428571428571,0.998,0.9829659318637275,84.09,4,April
2024-02-07,Device_7,Lucknow,23,869,1000,1,5,0.9565217391304348,0.869,0.9942462600690449,82.64,2,February
2024-07-11,Device_10,Bangalore,21,968,1000,3,16,0.8571428571428571,0.968,0.9834710743801653,81.6,7,July
2024-10-04,Device_6,Ahmedabad,23,882,1000,1,18,0.9565217391304348,0.882,0.9795918367346939,82.64,10,October
2024-11-24,Device_9,Lucknow,20,850,1000,4,1,0.8,0.85,0.9988235294117647,67.92,11,November
2024-10-13,Device_3,Kolkata,20,999,1000,4,4,0.8,0.999,0.995995995995996,79.6,10,October
2024-12-03,Device_6,Delhi,24,815,1000,0,20,1.0,0.815,0.9754601226993865,79.5,12,December
2024-04-18,Device_2,Hyderabad,20,809,1000,4,20,0.8,0.809,0.9752781211372065,63.12,4,April
2024-12-28,Device_5,Jaipur,23,846,1000,1,20,0.9565217391304348,0.846,0.9763593380614657,79.01,12,December
2024-02-28,Device_6,Jaipur,22,917,1000,2,5,0.9090909090909091,0.917,0.9945474372955289,82.91,2,February
2024-03-15,Device_4,Delhi,20,958,1000,4,5,0.8,0.958,0.9947807933194155,76.24,3,March
2024-12-11,Device_3,Bangalore,21,883,1000,3,14,0.8571428571428571,0.883,0.984144960362401,74.49,12,December
2024-07-24,Device_9,Chennai,22,837,1000,2,16,0.9090909090909091,0.837,0.980884109916368,74.64,7,July
2024-01-28,Device_9,Lucknow,23,840,1000,1,14,0.9565217391304348,0.84,0.9833333333333333,79.01,1,January
2024-03-27,Device_5,Lucknow,23,897,1000,1,10,0.9565217391304348,0.897,0.9888517279821628,84.84,3,March
2024-11-01,Device_4,Chennai,20,800,1000,4,12,0.8,0.8,0.985,63.04,11,November
2024-04-21,Device_2,Delhi,24,826,1000,0,20,1.0,0.826,0.9757869249394673,80.6,4,April
2024-03-09,Device_9,Lucknow,24,954,1000,0,16,1.0,0.954,0.9832285115303984,93.8,3,March
2024-01-08,Device_6,Delhi,20,839,1000,4,18,0.8,0.839,0.9785458879618594,65.68,1,January
2024-11-10,Device_8,Mumbai,20,971,1000,4,11,0.8,0.971,0.9886714727085479,76.8,11,November
2024-05-20,Device_5,Kolkata,21,836,1000,3,12,0.8571428571428571,0.836,0.9856459330143541,70.63,5,May
2024-01-14,Device_8,Chennai,24,995,1000,0,13,1.0,0.995,0.9869346733668342,98.2,1,January
2024-11-21,Device_9,Bangalore,24,922,1000,0,19,1.0,0.922,0.9793926247288504,90.3,11,November
2024-01-24,Device_9,Jaipur,23,807,1000,1,20,0.9565217391304348,0.807,0.9752168525402726,75.28,1,January
2024-07-29,Device_10,Chennai,22,912,1000,2,5,0.9090909090909091,0.912,0.9945175438596491,82.45,7,July
2024-03-07,Device_10,Ahmedabad,21,872,1000,3,5,0.8571428571428571,0.872,0.9942660550458715,74.31,3,March
2024-10-30,Device_3,Pune,22,932,1000,2,11,0.9090909090909091,0.932,0.9881974248927039,83.73,10,October
2024-12-19,Device_10,Delhi,22,837,1000,2,15,0.9090909090909091,0.837,0.982078853046595,74.73,12,December
2024-04-21,Device_5,Lucknow,23,857,1000,1,7,0.9565217391304348,0.857,0.9918319719953326,81.3,4,April
2024-06-15,Device_6,Chennai,24,801,1000,0,16,1.0,0.801,0.9800249687890137,78.5,6,June
2024-11-21,Device_1,Hyderabad,22,931,1000,2,0,0.9090909090909091,0.931,1.0,84.64,11,November
2024-04-17,Device_3,Mumbai,22,934,1000,2,1,0.9090909090909091,0.934,0.9989293361884368,84.82,4,April
2024-11-26,Device_2,Bangalore,21,895,1000,3,11,0.8571428571428571,0.895,0.9877094972067039,75.77,11,November
2025-01-01,Device_6,Hyderabad,22,842,1000,2,0,0.9090909090909091,0.842,1.0,76.55,1,January
2024-10-14,Device_9,Hyderabad,22,936,1000,2,19,0.9090909090909091,0.936,0.9797008547008547,83.36,10,October
2024-10-20,Device_4,Jaipur,22,964,1000,2,4,0.9090909090909091,0.964,0.995850622406639,87.27,10,October
2024-11-27,Device_9,Ahmedabad,20,957,1000,4,14,0.8,0.957,0.9853709508881923,75.44,11,November
2024-02-05,Device_9,Hyderabad,21,894,1000,3,11,0.8571428571428571,0.894,0.9876957494407159,75.69,2,February
2024-10-09,Device_3,Chennai,20,895,1000,4,13,0.8,0.895,0.9854748603351955,70.56,10,October
2024-10-12,Device_8,Delhi,21,985,1000,3,4,0.8571428571428571,0.985,0.9959390862944163,84.09,10,October
2024-05-12,Device_4,Chennai,20,996,1000,4,2,0.8,0.996,0.9979919678714859,79.52,5,May
2024-03-03,Device_9,Bangalore,24,821,1000,0,15,1.0,0.821,0.9817295980511571,80.6,3,March
2024-09-24,Device_8,Delhi,21,949,1000,3,6,0.8571428571428571,0.949,0.9936775553213909,80.83,9,September
2024-08-12,Device_8,Jaipur,24,823,1000,0,17,1.0,0.823,0.9793438639125152,80.6,8,August
2024-07-23,Device_8,Ahmedabad,23,950,1000,1,16,0.9565217391304348,0.95,0.9831578947368421,89.34,7,July
2024-02-18,Device_2,Kolkata,24,800,1000,0,18,1.0,0.8,0.9775,78.2,2,February
2024-05-13,Device_4,Kolkata,20,897,1000,4,9,0.8,0.897,0.9899665551839465,71.04,5,May
2024-02-24,Device_7,Bangalore,24,979,1000,0,5,1.0,0.979,0.9948927477017364,97.4,2,February
2024-07-10,Device_1,Hyderabad,21,871,1000,3,6,0.8571428571428571,0.871,0.9931113662456946,74.14,7,July
2024-03-04,Device_6,Pune,20,918,1000,4,2,0.8,0.918,0.9978213507625272,73.28,3,March
2024-11-09,Device_9,Pune,23,933,1000,1,5,0.9565217391304348,0.933,0.9946409431939979,88.77,11,November
2024-03-10,Device_6,Jaipur,21,921,1000,3,14,0.8571428571428571,0.921,0.9847991313789359,77.74,3,March
2024-10-07,Device_4,Jaipur,20,829,1000,4,13,0.8,0.829,0.9843184559710495,65.28,10,October
2024-10-16,Device_8,Bangalore,23,904,1000,1,16,0.9565217391304348,0.904,0.9823008849557522,84.94,10,October
2024-07-17,Device_4,Lucknow,20,811,1000,4,19,0.8,0.811,0.9765721331689272,63.36,7,July
2024-11-26,Device_8,Pune,24,915,1000,0,7,1.0,0.915,0.9923497267759562,90.8,11,November
2024-01-03,Device_1,Chennai,22,965,1000,2,20,0.9090909090909091,0.965,0.9792746113989638,85.91,1,January
2024-06-26,Device_4,Pune,22,982,1000,2,14,0.9090909090909091,0.982,0.9857433808553971,88.0,6,June
2024-05-08,Device_5,Delhi,24,833,1000,0,10,1.0,0.833,0.9879951980792316,82.3,5,May
2024-02-06,Device_7,Jaipur,20,837,1000,4,5,0.8,0.837,0.994026284348865,66.56,2,February
2024-07-16,Device_2,Bangalore,23,898,1000,1,13,0.9565217391304348,0.898,0.9855233853006682,84.65,7,July
2024-11-18,Device_2,Mumbai,21,997,1000,3,20,0.8571428571428571,0.997,0.9799398194583752,83.74,11,November
2024-10-26,Device_3,Hyderabad,23,935,1000,1,7,0.9565217391304348,0.935,0.9925133689839573,88.77,10,October
2024-11-25,Device_2,Delhi,21,874,1000,3,10,0.8571428571428571,0.874,0.988558352402746,74.06,11,November
2024-07-01,Device_5,Pune,24,869,1000,0,19,1.0,0.869,0.9781357882623706,85.0,7,July
2024-02-20,Device_2,Delhi,20,833,1000,4,14,0.8,0.833,0.9831932773109243,65.52,2,February
2024-05-07,Device_10,Jaipur,24,829,1000,0,3,1.0,0.829,0.9963811821471653,82.6,5,May
2024-12-28,Device_7,Bangalore,24,900,1000,0,6,1.0,0.9,0.9933333333333333,89.4,12,December
2024-07-26,Device_10,Delhi,20,960,1000,4,13,0.8,0.96,0.9864583333333333,75.76,7,July
2024-06-11,Device_4,Pune,24,938,1000,0,18,1.0,0.938,0.9808102345415778,92.0,6,June
2024-02-04,Device_4,Lucknow,23,963,1000,1,10,0.9565217391304348,0.963,0.9896157840083074,91.16,2,February
2024-01-16,Device_7,Mumbai,22,817,1000,2,3,0.9090909090909091,0.817,0.996328029375765,74.0,1,January
2024-06-22,Device_2,Jaipur,21,943,1000,3,5,0.8571428571428571,0.943,0.9946977730646872,80.4,6,June
2024-02-03,Device_2,Lucknow,24,959,1000,0,17,1.0,0.959,0.9822732012513035,94.2,2,February
2024-04-10,Device_10,Pune,22,950,1000,2,13,0.9090909090909091,0.95,0.9863157894736843,85.18,4,April
2024-11-04,Device_10,Pune,21,846,1000,3,10,0.8571428571428571,0.846,0.9881796690307328,71.66,11,November
2024-10-30,Device_5,Mumbai,24,961,1000,0,5,1.0,0.961,0.9947970863683663,95.6,10,October
2024-02-28,Device_7,Chennai,24,903,1000,0,9,1.0,0.903,0.9900332225913622,89.4,2,February
2024-08-15,Device_9,Pune,22,978,1000,2,15,0.9090909090909091,0.978,0.9846625766871165,87.55,8,August
2024-08-06,Device_6,Hyderabad,21,904,1000,3,18,0.8571428571428571,0.904,0.9800884955752213,75.94,8,August
2024-04-20,Device_10,Delhi,22,838,1000,2,5,0.9090909090909091,0.838,0.9940334128878282,75.73,4,April
2024-01-14,Device_2,Kolkata,22,886,1000,2,14,0.9090909090909091,0.886,0.9841986455981941,79.27,1,January
2024-05-24,Device_9,Bangalore,24,849,1000,0,4,1.0,0.849,0.9952885747938751,84.5,5,May
2024-04-19,Device_3,Chennai,20,949,1000,4,12,0.8,0.949,0.9873551106427819,74.96,4,April
2024-08-28,Device_9,Hyderabad,21,876,1000,3,2,0.8571428571428571,0.876,0.997716894977169,74.91,8,August
2024-11-19,Device_6,Bangalore,24,981,1000,0,13,1.0,0.981,0.9867482161060143,96.8,11,November
2024-09-10,Device_10,Kolkata,21,901,1000,3,12,0.8571428571428571,0.901,0.9866814650388457,76.2,9,September
2024-05-01,Device_7,Mumbai,21,881,1000,3,6,0.8571428571428571,0.881,0.9931895573212258,75.0,5,May
2024-08-06,Device_9,Bangalore,20,940,1000,4,9,0.8,0.94,0.9904255319148936,74.48,8,August
2024-06-15,Device_5,Jaipur,22,865,1000,2,8,0.9090909090909091,0.865,0.9907514450867052,77.91,6,June
2024-01-29,Device_1,Ahmedabad,23,976,1000,1,9,0.9565217391304348,0.976,0.9907786885245902,92.5,1,January
2024-06-11,Device_9,Mumbai,24,903,1000,0,11,1.0,0.903,0.9878183831672204,89.2,6,June
2024-07-17,Device_9,Hyderabad,21,908,1000,3,13,0.8571428571428571,0.908,0.98568281938326,76.71,7,July
2024-04-03,Device_6,Bangalore,24,858,1000,0,10,1.0,0.858,0.9883449883449883,84.8,4,April
2024-08-26,Device_3,Chennai,20,805,1000,4,4,0.8,0.805,0.9950310559006211,64.08,8,August
2024-12-25,Device_6,Bangalore,23,982,1000,1,2,0.9565217391304348,0.982,0.9979633401221996,93.74,12,December
2024-10-22,Device_6,Lucknow,20,952,1000,4,8,0.8,0.952,0.9915966386554622,75.52,10,October
2024-05-05,Device_5,Mumbai,24,897,1000,0,17,1.0,0.897,0.9810479375696767,88.0,5,May
2024-06-17,Device_9,Mumbai,22,987,1000,2,11,0.9090909090909091,0.987,0.9888551165146909,88.73,6,June
2024-03-15,Device_5,Ahmedabad,22,862,1000,2,13,0.9090909090909091,0.862,0.9849187935034803,77.18,3,March
2024-05-14,Device_1,Kolkata,21,974,1000,3,2,0.8571428571428571,0.974,0.997946611909651,83.31,5,May
2024-01-25,Device_5,Ahmedabad,24,855,1000,0,2,1.0,0.855,0.9976608187134502,85.3,1,January
2024-11-06,Device_7,Hyderabad,21,920,1000,3,4,0.8571428571428571,0.92,0.9956521739130435,78.51,11,November
2024-11-06,Device_3,Chennai,23,919,1000,1,13,0.9565217391304348,0.919,0.985854189336235,86.66,11,November
2024-05-27,Device_9,Mumbai,24,832,1000,0,9,1.0,0.832,0.9891826923076923,82.3,5,May
2024-01-12,Device_9,Chennai,20,804,1000,4,9,0.8,0.804,0.9888059701492538,63.6,1,January
2024-02-01,Device_8,Lucknow,22,876,1000,2,1,0.9090909090909091,0.876,0.9988584474885844,79.55,2,February
2024-06-15,Device_2,Lucknow,20,965,1000,4,19,0.8,0.965,0.9803108808290155,75.68,6,June
2024-03-22,Device_2,Pune,21,934,1000,3,19,0.8571428571428571,0.934,0.9796573875802997,78.43,3,March
2024-04-01,Device_4,Hyderabad,23,972,1000,1,18,0.9565217391304348,0.972,0.9814814814814815,91.25,4,April
2024-05-10,Device_10,Ahmedabad,23,913,1000,1,1,0.9565217391304348,0.913,0.9989047097480832,87.23,5,May
2024-03-07,Device_7,Jaipur,20,965,1000,4,17,0.8,0.965,0.9823834196891191,75.84,3,March
2024-09-03,Device_3,Lucknow,22,850,1000,2,0,0.9090909090909091,0.85,1.0,77.27,9,September
2024-11-07,Device_2,Jaipur,21,805,1000,3,19,0.8571428571428571,0.805,0.9763975155279503,67.37,11,November
2024-02-01,Device_9,Ahmedabad,22,904,1000,2,1,0.9090909090909091,0.904,0.9988938053097345,82.09,2,February
2024-02-29,Device_10,Kolkata,21,860,1000,3,18,0.8571428571428571,0.86,0.9790697674418605,72.17,2,February
2024-01-21,Device_8,Pune,21,801,1000,3,3,0.8571428571428571,0.801,0.9962546816479401,68.4,1,January
2024-07-31,Device_10,Bangalore,22,839,1000,2,8,0.9090909090909091,0.839,0.9904648390941597,75.55,7,July
2024-11-22,Device_3,Kolkata,20,971,1000,4,4,0.8,0.971,0.995880535530381,77.36,11,November
2024-01-18,Device_10,Delhi,20,840,1000,4,18,0.8,0.84,0.9785714285714285,65.76,1,January
2024-12-30,Device_4,Lucknow,20,949,1000,4,10,0.8,0.949,0.9894625922023182,75.12,12,December
2024-09-02,Device_2,Jaipur,20,967,1000,4,0,0.8,0.967,1.0,77.36,9,September
2024-10-09,Device_4,Lucknow,21,845,1000,3,17,0.8571428571428571,0.845,0.9798816568047337,70.97,10,October
2024-04-06,Device_6,Jaipur,21,951,1000,3,6,0.8571428571428571,0.951,0.9936908517350158,81.0,4,April
2024-10-28,Device_7,Chennai,22,823,1000,2,8,0.9090909090909091,0.823,0.9902794653705954,74.09,10,October
2024-01-01,Device_6,Chennai,22,973,1000,2,17,0.9090909090909091,0.973,0.9825282631038027,86.91,1,January
2024-12-08,Device_3,Chennai,21,842,1000,3,3,0.8571428571428571,0.842,0.996437054631829,71.91,12,December
2024-12-28,Device_8,Lucknow,21,963,1000,3,7,0.8571428571428571,0.963,0.9927310488058152,81.94,12,December
2024-04-21,Device_10,Chennai,20,948,1000,4,18,0.8,0.948,0.9810126582278481,74.4,4,April
2024-06-30,Device_1,Jaipur,23,958,1000,1,4,0.9565217391304348,0.958,0.9958246346555324,91.25,6,June
2024-12-02,Device_5,Bangalore,22,866,1000,2,0,0.9090909090909091,0.866,1.0,78.73,12,December
2024-08-18,Device_7,Jaipur,23,825,1000,1,18,0.9565217391304348,0.825,0.9781818181818182,77.19,8,August
2024-12-09,Device_4,Jaipur,24,869,1000,0,20,1.0,0.869,0.9769850402761795,84.9,12,December
2024-04-11,Device_5,Hyderabad,23,861,1000,1,14,0.9565217391304348,0.861,0.983739837398374,81.02,4,April
2024-10-31,Device_6,Bangalore,20,894,1000,4,20,0.8,0.894,0.9776286353467561,69.92,10,October
2024-02-02,Device_8,Ahmedabad,23,846,1000,1,5,0.9565217391304348,0.846,0.9940898345153665,80.44,2,February
2024-09-09,Device_8,Chennai,22,996,1000,2,8,0.9090909090909091,0.996,0.9919678714859438,89.82,9,September
2024-04-17,Device_6,Delhi,23,839,1000,1,20,0.9565217391304348,0.839,0.9761620977353993,78.34,4,April
2024-08-14,Device_8,Delhi,22,864,1000,2,7,0.9090909090909091,0.864,0.9918981481481481,77.91,8,August
2024-01-21,Device_3,Mumbai,20,958,1000,4,8,0.8,0.958,0.9916492693110647,76.0,1,January
2024-05-11,Device_8,Chennai,20,875,1000,4,11,0.8,0.875,0.9874285714285714,69.12,5,May
2024-04-12,Device_6,Lucknow,22,975,1000,2,16,0.9090909090909091,0.975,0.9835897435897436,87.18,4,April
2024-09-07,Device_2,Mumbai,22,927,1000,2,7,0.9090909090909091,0.927,0.9924487594390508,83.64,9,September
2024-01-21,Device_7,Chennai,21,875,1000,3,12,0.8571428571428571,0.875,0.9862857142857143,73.97,1,January
2024-12-27,Device_6,Kolkata,24,829,1000,0,2,1.0,0.829,0.9975874547647768,82.7,12,December
2024-03-01,Device_8,Chennai,23,910,1000,1,10,0.9565217391304348,0.91,0.989010989010989,86.09,3,March
2024-04-28,Device_7,Bangalore,23,930,1000,1,18,0.9565217391304348,0.93,0.9806451612903225,87.23,4,April
2024-12-19,Device_5,Lucknow,24,828,1000,0,1,1.0,0.828,0.998792270531401,82.7,12,December
2024-03-16,Device_7,Hyderabad,23,904,1000,1,17,0.9565217391304348,0.904,0.9811946902654868,84.84,3,March
2024-03-22,Device_1,Mumbai,21,860,1000,3,17,0.8571428571428571,0.86,0.9802325581395349,72.26,3,March
2025-01-01,Device_4,Hyderabad,22,882,1000,2,12,0.9090909090909091,0.882,0.9863945578231292,79.09,1,January
2024-06-05,Device_4,Lucknow,23,895,1000,1,10,0.9565217391304348,0.895,0.9888268156424581,84.65,6,June
2024-02-07,Device_9,Hyderabad,23,902,1000,1,9,0.9565217391304348,0.902,0.9900221729490022,85.42,2,February
2024-03-01,Device_4,Bangalore,21,836,1000,3,8,0.8571428571428571,0.836,0.9904306220095693,70.97,3,March
2024-12-05,Device_10,Jaipur,23,916,1000,1,16,0.9565217391304348,0.916,0.982532751091703,86.09,12,December
2024-11-07,Device_8,Chennai,23,818,1000,1,18,0.9565217391304348,0.818,0.9779951100244498,76.52,11,November
2024-12-21,Device_9,Pune,22,975,1000,2,2,0.9090909090909091,0.975,0.997948717948718,88.45,12,December
2024-01-02,Device_10,Lucknow,21,939,1000,3,20,0.8571428571428571,0.939,0.9787007454739084,78.77,1,January
2024-05-21,Device_7,Kolkata,22,864,1000,2,0,0.9090909090909091,0.864,1.0,78.55,5,May
2024-12-04,Device_6,Ahmedabad,21,833,1000,3,2,0.8571428571428571,0.833,0.9975990396158463,71.23,12,December
2024-08-19,Device_2,Jaipur,20,953,1000,4,17,0.8,0.953,0.9821615949632738,74.88,8,August
2024-07-01,Device_6,Chennai,24,930,1000,0,16,1.0,0.93,0.9827956989247312,91.4,7,July
2024-02-23,Device_3,Ahmedabad,20,814,1000,4,14,0.8,0.814,0.9828009828009828,64.0,2,February
2024-09-14,Device_10,Jaipur,23,929,1000,1,1,0.9565217391304348,0.929,0.9989235737351991,88.77,9,September
2024-09-11,Device_3,Jaipur,23,814,1000,1,0,0.9565217391304348,0.814,1.0,77.86,9,September
2024-10-05,Device_8,Pune,20,912,1000,4,4,0.8,0.912,0.9956140350877193,72.64,10,October
2024-12-12,Device_3,Jaipur,22,935,1000,2,15,0.9090909090909091,0.935,0.983957219251337,83.64,12,December
2024-12-08,Device_8,Jaipur,20,877,1000,4,13,0.8,0.877,0.9851767388825542,69.12,12,December
2024-06-18,Device_3,Delhi,20,955,1000,4,9,0.8,0.955,0.9905759162303664,75.68,6,June
2024-08-10,Device_4,Kolkata,23,806,1000,1,9,0.9565217391304348,0.806,0.988833746898263,76.23,8,August
2024-12-29,Device_3,Kolkata,21,814,1000,3,9,0.8571428571428571,0.814,0.9889434889434889,69.0,12,December
2024-03-11,Device_2,Lucknow,20,969,1000,4,19,0.8,0.969,0.9803921568627451,76.0,3,March
2024-01-20,Device_9,Pune,23,851,1000,1,13,0.9565217391304348,0.851,0.9847238542890717,80.16,1,January
2024-08-09,Device_3,Delhi,20,816,1000,4,15,0.8,0.816,0.9816176470588235,64.08,8,August
2024-06-28,Device_9,Jaipur,23,947,1000,1,7,0.9565217391304348,0.947,0.9926082365364308,89.91,6,June
2024-07-11,Device_4,Pune,24,856,1000,0,4,1.0,0.856,0.9953271028037384,85.2,7,July
2024-05-23,Device_8,Lucknow,20,813,1000,4,19,0.8,0.813,0.976629766297663,63.52,5,May
2024-08-02,Device_7,Lucknow,20,885,1000,4,8,0.8,0.885,0.9909604519774011,70.16,8,August
2024-02-06,Device_1,Delhi,21,955,1000,3,13,0.8571428571428571,0.955,0.9863874345549738,80.74,2,February
2024-12-06,Device_4,Mumbai,21,822,1000,3,14,0.8571428571428571,0.822,0.9829683698296837,69.26,12,December
2024-11-20,Device_9,Delhi,20,819,1000,4,13,0.8,0.819,0.9841269841269841,64.48,11,November
2024-02-25,Device_10,Lucknow,24,923,1000,0,10,1.0,0.923,0.9891657638136512,91.3,2,February
2024-08-18,Device_10,Lucknow,24,848,1000,0,12,1.0,0.848,0.9858490566037735,83.6,8,August
2024-06-01,Device_5,Chennai,24,838,1000,0,19,1.0,0.838,0.977326968973747,81.9,6,June
2024-05-04,Device_1,Hyderabad,24,963,1000,0,15,1.0,0.963,0.9844236760124611,94.8,5,May
2024-03-05,Device_3,Hyderabad,22,926,1000,2,1,0.9090909090909091,0.926,0.9989200863930886,84.09,3,March
2024-02-25,Device_3,Pune,22,983,1000,2,19,0.9090909090909091,0.983,0.9806714140386572,87.64,2,February
2024-03-26,Device_7,Hyderabad,20,911,1000,4,12,0.8,0.911,0.986827661909989,71.92,3,March
2024-12-27,Device_4,Chennai,20,813,1000,4,16,0.8,0.813,0.980319803198032,63.76,12,December
2024-01-05,Device_7,Ahmedabad,22,976,1000,2,3,0.9090909090909091,0.976,0.9969262295081968,88.45,1,January
2024-02-08,Device_2,Chennai,23,927,1000,1,11,0.9565217391304348,0.927,0.9881337648327939,87.62,2,February
2024-02-04,Device_7,Mumbai,24,890,1000,0,3,1.0,0.89,0.996629213483146,88.7,2,February
2024-08-05,Device_3,Bangalore,23,1000,1000,1,7,0.9565217391304348,1.0,0.993,94.98,8,August
2024-03-20,Device_5,Kolkata,23,847,1000,1,3,0.9565217391304348,0.847,0.9964580873671782,80.73,3,March
2024-03-29,Device_2,Jaipur,24,964,1000,0,5,1.0,0.964,0.9948132780082988,95.9,3,March
2024-07-19,Device_9,Lucknow,21,975,1000,3,2,0.8571428571428571,0.975,0.997948717948718,83.4,7,July
2024-05-12,Device_8,Chennai,20,850,1000,4,13,0.8,0.85,0.9847058823529412,66.96,5,May
2024-01-23,Device_7,Lucknow,24,927,1000,0,19,1.0,0.927,0.9795037756202805,90.8,1,January
2024-04-25,Device_3,Delhi,20,972,1000,4,8,0.8,0.972,0.9917695473251029,77.12,4,April
2024-05-15,Device_5,Bangalore,22,991,1000,2,20,0.9090909090909091,0.991,0.9798183652875883,88.27,5,May
2024-09-09,Device_6,Jaipur,21,949,1000,3,17,0.8571428571428571,0.949,0.982086406743941,79.89,9,September
2024-12-22,Device_4,Delhi,24,887,1000,0,10,1.0,0.887,0.9887260428410372,87.7,12,December
2024-06-18,Device_3,Delhi,22,932,1000,2,13,0.9090909090909091,0.932,0.9860515021459227,83.55,6,June
2024-09-24,Device_9,Jaipur,23,832,1000,1,7,0.9565217391304348,0.832,0.9915865384615384,78.91,9,September
2024-05-22,Device_7,Lucknow,20,977,1000,4,5,0.8,0.977,0.9948822927328557,77.76,5,May
2024-02-16,Device_8,Bangalore,22,857,1000,2,10,0.9090909090909091,0.857,0.9883313885647608,77.0,2,February
2024-09-19,Device_5,Ahmedabad,21,964,1000,3,12,0.8571428571428571,0.964,0.9875518672199171,81.6,9,September
2024-01-30,Device_8,Lucknow,24,972,1000,0,13,1.0,0.972,0.9866255144032922,95.9,1,January
2024-10-08,Device_7,Lucknow,23,956,1000,1,15,0.9565217391304348,0.956,0.9843096234309623,90.01,10,October
2024-03-21,Device_1,Delhi,20,906,1000,4,9,0.8,0.906,0.9900662251655629,71.76,3,March
2024-07-20,Device_2,Delhi,23,865,1000,1,6,0.9565217391304348,0.865,0.9930635838150289,82.17,7,July
2024-04-07,Device_4,Pune,21,849,1000,3,9,0.8571428571428571,0.849,0.9893992932862191,72.0,4,April
2024-03-30,Device_7,Bangalore,21,991,1000,3,17,0.8571428571428571,0.991,0.9828456104944501,83.49,3,March
2024-06-19,Device_8,Mumbai,22,960,1000,2,2,0.9090909090909091,0.96,0.9979166666666667,87.09,6,June
2024-01-15,Device_3,Ahmedabad,20,840,1000,4,7,0.8,0.84,0.9916666666666667,66.64,1,January
2024-09-12,Device_4,Mumbai,24,983,1000,0,2,1.0,0.983,0.9979654120040692,98.1,9,September
2024-12-02,Device_4,Kolkata,20,877,1000,4,3,0.8,0.877,0.9965792474344356,69.92,12,December
2024-05-23,Device_4,Bangalore,21,980,1000,3,19,0.8571428571428571,0.98,0.9806122448979592,82.37,5,May
2024-02-20,Device_1,Ahmedabad,23,960,1000,1,6,0.9565217391304348,0.96,0.99375,91.25,2,February
2024-09-11,Device_5,Chennai,24,877,1000,0,19,1.0,0.877,0.9783352337514253,85.8,9,September
2024-02-06,Device_1,Mumbai,20,992,1000,4,1,0.8,0.992,0.998991935483871,79.28,2,February
2024-02-13,Device_3,Kolkata,24,919,1000,0,10,1.0,0.919,0.9891186071817193,90.9,2,February
2024-01-10,Device_2,Bangalore,20,812,1000,4,18,0.8,0.812,0.9778325123152709,63.52,1,January
2024-02-11,Device_2,Mumbai,21,983,1000,3,18,0.8571428571428571,0.983,0.9816887080366226,82.71,2,February
2024-02-02,Device_9,Kolkata,20,932,1000,4,17,0.8,0.932,0.9817596566523605,73.2,2,February
2024-06-11,Device_8,Chennai,23,812,1000,1,14,0.9565217391304348,0.812,0.9827586206896551,76.33,6,June
2024-04-04,Device_2,Mumbai,23,801,1000,1,7,0.9565217391304348,0.801,0.9912609238451935,75.95,4,April
2024-08-06,Device_7,Hyderabad,21,949,1000,3,9,0.8571428571428571,0.949,0.9905163329820864,80.57,8,August
2024-09-30,Device_4,Mumbai,21,855,1000,3,12,0.8571428571428571,0.855,0.9859649122807017,72.26,9,September
2024-09-19,Device_3,Pune,20,907,1000,4,1,0.8,0.907,0.9988974641675854,72.48,9,September
2024-03-02,Device_2,Jaipur,21,884,1000,3,4,0.8571428571428571,0.884,0.995475113122172,75.43,3,March
2024-10-27,Device_3,Pune,24,899,1000,0,15,1.0,0.899,0.9833147942157954,88.4,10,October
2024-11-08,Device_7,Kolkata,24,935,1000,0,20,1.0,0.935,0.9786096256684492,91.5,11,November
2024-12-31,Device_5,Delhi,21,898,1000,3,0,0.8571428571428571,0.898,1.0,76.97,12,December
2024-11-20,Device_4,Chennai,20,901,1000,4,20,0.8,0.901,0.9778024417314095,70.48,11,November
2024-07-07,Device_8,Pune,20,920,1000,4,18,0.8,0.92,0.9804347826086957,72.16,7,July
2024-04-20,Device_10,Hyderabad,23,860,1000,1,16,0.9565217391304348,0.86,0.9813953488372092,80.73,4,April
2024-12-13,Device_3,Hyderabad,24,973,1000,0,11,1.0,0.973,0.9886947584789312,96.2,12,December
2024-07-27,Device_5,Mumbai,23,890,1000,1,3,0.9565217391304348,0.89,0.996629213483146,84.84,7,July
2024-09-20,Device_2,Jaipur,21,874,1000,3,20,0.8571428571428571,0.874,0.977116704805492,73.2,9,September
2024-10-13,Device_9,Delhi,20,995,1000,4,6,0.8,0.995,0.9939698492462311,79.12,10,October
2024-02-23,Device_3,Hyderabad,24,973,1000,0,10,1.0,0.973,0.9897225077081192,96.3,2,February
2024-02-01,Device_3,Pune,24,997,1000,0,9,1.0,0.997,0.9909729187562688,98.8,2,February
2024-05-21,Device_7,Delhi,22,860,1000,2,7,0.9090909090909091,0.86,0.9918604651162791,77.55,5,May
2024-04-20,Device_2,Chennai,23,913,1000,1,9,0.9565217391304348,0.913,0.9901423877327492,86.47,4,April
2024-04-07,Device_8,Kolkata,21,965,1000,3,15,0.8571428571428571,0.965,0.9844559585492227,81.43,4,April
2024-01-28,Device_2,Pune,23,862,1000,1,15,0.9565217391304348,0.862,0.9825986078886311,81.02,1,January
2024-06-10,Device_6,Hyderabad,24,885,1000,0,16,1.0,0.885,0.9819209039548022,86.9,6,June
2024-04-22,Device_5,Ahmedabad,22,908,1000,2,12,0.9090909090909091,0.908,0.986784140969163,81.45,4,April
2024-10-25,Device_8,Hyderabad,20,978,1000,4,4,0.8,0.978,0.9959100204498977,77.92,10,October
2024-10-19,Device_1,Jaipur,20,921,1000,4,13,0.8,0.921,0.9858849077090119,72.64,10,October
2024-05-30,Device_3,Mumbai,24,830,1000,0,19,1.0,0.83,0.9771084337349397,81.1,5,May
2024-06-10,Device_5,Bangalore,24,885,1000,0,15,1.0,0.885,0.9830508474576272,87.0,6,June
